{"stats":{"minecraft:broken":{"minecraft:stone_axe":1},"minecraft:used":{"minecraft:stone_pickaxe":113,"minecraft:baked_potato":1,"minecraft:wooden_pickaxe":36,"minecraft:rotten_flesh":17,"minecraft:torch":1,"minecraft:dirt":31,"minecraft:mutton":1,"minecraft:crafting_table":6,"minecraft:white_bed":3,"minecraft:chicken":1,"minecraft:iron_pickaxe":37,"minecraft:stone_axe":122,"minecraft:cooked_porkchop":3,"minecraft:furnace":3,"minecraft:porkchop":1,"minecraft:cooked_rabbit":2,"minecraft:cobbled_deepslate":62},"minecraft:dropped":{"minecraft:glass_bottle":1,"minecraft:feather":5,"patchouli:guide_book":1,"minecraft:rabbit_hide":2,"megamons:anistarite_rough_geode_block":4,"minecraft:diorite":10,"minecraft:spruce_pressure_plate":1,"minecraft:brown_wool":5,"minecraft:bow":1,"minecraft:wooden_pickaxe":1,"minecraft:bone":2,"cobblemon:silk_scarf":1},"minecraft:killed":{"minecraft:pig":3,"cobblemon:pokemon":9,"minecraft:rabbit":2,"minecraft:spider":1,"minecraft:creeper":1,"minecraft:polar_bear":3,"minecraft:skeleton":1,"minecraft:sheep":3,"minecraft:zombie":13,"minecraft:chicken":1,"minecraft:cow":2},"minecraft:mined":{"megamons:anistarite_rough_geode_block":4,"minecraft:white_bed":3,"megamons:anistarite_geode_block":17,"minecraft:crafting_table":5,"cobblemon:blue_mint":6,"minecraft:grass_block":4,"minecraft:tall_grass":1,"minecraft:spruce_leaves":2,"minecraft:deepslate_gold_ore":2,"minecraft:sugar_cane":6,"cobblemon:ice_stone_ore":1,"minecraft:raw_iron_block":2,"minecraft:furnace":3,"minecraft:iron_ore":3,"minecraft:spruce_log":15,"minecraft:birch_leaves":1,"minecraft:grass":6,"minecraft:oak_log":30,"minecraft:coal_ore":2,"minecraft:deepslate_iron_ore":31,"minecraft:dirt":27,"minecraft:packed_ice":2,"minecraft:stone":39,"minecraft:deepslate":75,"minecraft:oak_leaves":3,"minecraft:fern":2},"minecraft:crafted":{"minecraft:cooked_beef":5,"minecraft:raw_iron":18,"minecraft:cooked_porkchop":9,"minecraft:crafting_table":1,"minecraft:spruce_planks":32,"minecraft:wooden_pickaxe":1,"minecraft:cooked_chicken":3,"minecraft:furnace":1,"minecraft:stone_axe":2,"minecraft:air":0,"minecraft:charcoal":1,"minecraft:stick":12,"minecraft:iron_pickaxe":1,"minecraft:stone_pickaxe":1,"minecraft:white_bed":1,"minecraft:torch":4,"minecraft:cooked_rabbit":1},"minecraft:picked_up":{"minecraft:crafting_table":6,"minecraft:air":0,"minecraft:feather":5,"minecraft:chicken":4,"minecraft:brown_wool":5,"cobblemon:blue_mint_leaf":6,"minecraft:leather":2,"minecraft:potato":1,"minecraft:cooked_rabbit":1,"minecraft:oak_log":30,"megamons:anistarite_geode_block":16,"minecraft:dirt":31,"minecraft:bone":2,"minecraft:bow":1,"minecraft:cobbled_deepslate":68,"minecraft:raw_gold":2,"minecraft:spruce_planks":36,"minecraft:rabbit_hide":1,"minecraft:iron_ingot":4,"minecraft:beef":5,"cobblemon:oran_berry":16,"minecraft:rabbit":3,"minecraft:sugar_cane":31,"minecraft:furnace":3,"minecraft:spruce_pressure_plate":1,"minecraft:raw_iron":34,"patchouli:guide_book":2,"minecraft:raw_iron_block":2,"minecraft:porkchop":10,"cobblemon:persim_berry":13,"minecraft:spruce_sapling":4,"minecraft:diorite":10,"minecraft:white_bed":3,"minecraft:spruce_log":15,"megamons:anistarite_rough_geode_block":4,"cobblemon:blue_mint_seeds":6,"minecraft:rotten_flesh":19,"cobblemon:poke_ball":2,"cobblemon:ice_stone":1,"minecraft:baked_potato":1,"cobblemon:silk_scarf":1,"cobblemon:tanga_berry":3,"minecraft:mutton":7,"minecraft:coal":2,"minecraft:white_wool":6,"minecraft:cobblestone":39},"minecraft:killed_by":{"minecraft:player":1},"minecraft:custom":{"minecraft:interact_with_furnace":14,"minecraft:mob_kills":39,"minecraft:interact_with_crafting_table":7,"minecraft:leave_game":2,"minecraft:time_since_death":1966,"minecraft:sleep_in_bed":3,"minecraft:time_since_rest":972,"minecraft:sprint_one_cm":169679,"minecraft:damage_taken":1095,"minecraft:walk_one_cm":298934,"minecraft:drop":22,"minecraft:damage_dealt":6487,"minecraft:swim_one_cm":5497,"minecraft:fly_one_cm":172613,"minecraft:crouch_one_cm":529,"minecraft:play_time":81833,"minecraft:deaths":2,"minecraft:sneak_time":435,"minecraft:walk_under_water_one_cm":7655,"minecraft:jump":1063,"minecraft:walk_on_water_one_cm":5609,"minecraft:total_world_time":81833,"minecraft:fall_one_cm":13711}},"DataVersion":3465}