{"stats":{"minecraft:mined":{"minecraft:spruce_planks":11,"minecraft:white_bed":7,"cobblemon:dawn_stone_ore":2,"cobblemon:pc":7,"minecraft:grass_block":27,"minecraft:composter":4,"minecraft:oxeye_daisy":14,"cobblemon:ice_stone_ore":3,"minecraft:spawner":1,"minecraft:raw_iron_block":2,"minecraft:glowstone":7,"minecraft:iron_ore":151,"minecraft:fire":67,"minecraft:moss_carpet":1,"minecraft:pumpkin":4,"minecraft:azure_bluet":2,"minecraft:pointed_dripstone":2,"minecraft:oak_stairs":4,"minecraft:azalea":1,"cobblemon:water_stone_ore":1,"megamons:anistarite_geode_block":17,"minecraft:soul_fire":10,"minecraft:smoker":1,"cobblemon:revival_herb":3,"minecraft:powder_snow":68,"cobblemon:blue_mint":9,"minecraft:torch":21,"minecraft:blast_furnace":1,"minecraft:poppy":11,"minecraft:melon":12,"minecraft:white_stained_glass_pane":6,"minecraft:cobblestone":16,"minecraft:oak_planks":3,"minecraft:sugar_cane":23,"minecraft:grindstone":1,"cobblemon:dripstone_moon_stone_ore":3,"minecraft:wall_torch":5,"minecraft:deepslate_copper_ore":1,"cobblemon:green_mint":2,"cobblemon:dusk_stone_ore":2,"minecraft:grass":861,"minecraft:oak_log":38,"cobblemon:thunder_stone_ore":2,"minecraft:sand":36,"minecraft:dirt":53,"minecraft:red_mushroom_block":4,"minecraft:stonecutter":1,"minecraft:netherrack":119,"minecraft:oak_leaves":3,"minecraft:deepslate":76,"cobblemon:healing_machine":10,"minecraft:nether_gold_ore":108,"cobblemon:shiny_stone_ore":1,"minecraft:stripped_birch_log":3,"minecraft:dark_oak_log":122,"cobblemon:moon_stone_ore":2,"cobblemon:cheri_berry":2,"minecraft:brown_mushroom_block":1,"minecraft:spruce_leaves":11,"minecraft:large_fern":4,"minecraft:hay_block":50,"minecraft:redstone_ore":1,"minecraft:furnace":12,"minecraft:bookshelf":3,"minecraft:deepslate_iron_ore":60,"minecraft:vine":1,"cobblemon:nether_fire_stone_ore":3,"minecraft:packed_ice":7,"minecraft:stone":324,"minecraft:bone_block":132,"minecraft:smithing_table":1,"megamons:anistarite_rough_geode_block":4,"minecraft:flowering_azalea":1,"minecraft:glass_pane":4,"cobblemon:black_apricorn_sapling":1,"minecraft:dandelion":51,"minecraft:spruce_door":1,"travelersbackpack:standard":9,"minecraft:crafting_table":10,"minecraft:cornflower":8,"minecraft:emerald_ore":2,"minecraft:lectern":184,"minecraft:copper_ore":93,"minecraft:tall_grass":68,"cobblemon:cyan_mint":3,"minecraft:deepslate_gold_ore":2,"scguns:gun_bench":1,"minecraft:sweet_berry_bush":24,"minecraft:ice":7,"minecraft:spruce_log":59,"minecraft:birch_leaves":1,"minecraft:coal_ore":379,"minecraft:gravel":1,"minecraft:dripstone_block":5,"cobblemon:sun_stone_ore":1,"cobblemon:blue_apricorn_sapling":1,"minecraft:fern":14},"minecraft:killed":{"scguns:swarm":3,"minecraft:witch":1,"minecraft:spider":28,"minecraft:skeleton":36,"scguns:supply_scamp":1,"scguns:cog_knight":4,"minecraft:chicken":3,"minecraft:piglin":3,"minecraft:pig":10,"minecraft:zombie_villager":4,"shroom_dealers:swampy_glooper":1,"minecraft:creeper":27,"minecraft:sheep":3,"minecraft:trader_llama":2,"minecraft:pillager":2,"minecraft:zombie":111,"minecraft:ghast":1,"minecraft:stray":4,"shroom_dealers:swampy_gloop":2,"minecraft:cow":7,"scguns:cog_minion":6,"minecraft:phantom":1,"minecraft:horse":2,"scguns:redcoat":7,"minecraft:drowned":2,"shroom_dealers:amethyst_deceiver_dealer":2,"cobblemon:pokemon":36,"shroom_dealers:champignon_dealer":1,"minecraft:rabbit":2,"minecraft:wandering_trader":1,"minecraft:polar_bear":3,"scguns:hive":5,"minecraft:villager":4,"scguns:dissident":2,"minecraft:enderman":1},"minecraft:picked_up":{"minecraft:wooden_axe":1,"cobblemon:timer_ball":1,"cobblemon:red_apricorn":145,"minecraft:smithing_table":1,"minecraft:lead":2,"minecraft:oak_stairs":4,"cobblemon:charti_berry":1,"cobblemon:wepear_berry":26,"minecraft:string":17,"minecraft:raw_copper":316,"minecraft:sea_pickle":2,"minecraft:gold_nugget":425,"minecraft:cobbled_deepslate":69,"cobblemon:exp_candy_s":32,"cobblemon:white_apricorn_seed":1,"minecraft:spruce_planks":47,"cobblemon:oran_berry":172,"minecraft:written_book":1,"cobblemon:quick_ball":2,"minecraft:melon_slice":52,"cobblemon:cyan_mint_leaf":4,"minecraft:furnace":12,"minecraft:tipped_arrow":4,"minecraft:spruce_pressure_plate":1,"minecraft:stick":12,"cobblemon:spell_tag":1,"cobblemon:pc":7,"minecraft:composter":4,"minecraft:torch":28,"travelersbackpack:iron_tier_upgrade":1,"travelersbackpack:diamond_tier_upgrade":1,"minecraft:porkchop":23,"minecraft:pointed_dripstone":5,"minecraft:diorite":10,"minecraft:rabbit_foot":2,"minecraft:honey_bottle":5,"minecraft:rotten_flesh":132,"scguns:sheol":1,"cobblemon:green_mint_seeds":3,"minecraft:cobblestone":341,"cobblemon:great_ball":21,"minecraft:feather":11,"minecraft:cooked_beef":14,"cobblemon:ultra_ball":14,"minecraft:water_bucket":1,"minecraft:brown_wool":14,"minecraft:smoker":1,"minecraft:potato":1,"cobblemon:razz_berry":16,"minecraft:flint":1,"megamons:mega_cuff":3,"cobblemon:bluk_berry":4,"minecraft:stripped_birch_log":3,"minecraft:lapis_lazuli":4,"megamons:anistarite_geode_block":16,"minecraft:dirt":98,"minecraft:leather_boots":1,"minecraft:bone":38,"minecraft:stonecutter":1,"minecraft:bow":6,"cobblemon:black_apricorn":153,"minecraft:wheat_seeds":116,"minecraft:raw_gold":2,"minecraft:grindstone":1,"cobblemon:thunder_stone":2,"cobblemon:moon_stone":5,"minecraft:rabbit":6,"minecraft:glowstone_dust":13,"minecraft:oak_planks":3,"cobblemon:poison_barb":1,"cobblemon:razor_claw":1,"cobblemon:figy_berry":1,"minecraft:ghast_tear":1,"cobblemon:sun_stone":4,"cobblemon:kasib_berry":4,"scguns:shotgun_shell":730,"minecraft:cooked_porkchop":79,"patchouli:guide_book":3,"cobblemon:shiny_stone":3,"cobblemon:fire_stone":3,"minecraft:sand":36,"cobblemon:persim_berry":17,"minecraft:dark_oak_log":109,"megamons:anistarite_rough_geode_block":4,"cobblemon:healing_machine":11,"minecraft:diamond":4,"cobblemon:poke_ball":12,"minecraft:spruce_boat":3,"shroom_dealers:viney_lasso":1,"minecraft:bone_meal":86,"minecraft:white_concrete":1,"cobblemon:rindo_berry":3,"cobblemon:ice_stone":3,"minecraft:emerald":66,"cobblemon:chesto_berry":34,"minecraft:netherrack":330,"scguns:callwell":2,"megamons:cut_gyaradosite":1,"cobblemon:green_mint_leaf":4,"minecraft:crafting_table":11,"minecraft:azure_bluet":2,"minecraft:chicken":14,"scguns:krahg_round":828,"cobblemon:blue_mint_leaf":9,"cobblemon:yellow_apricorn":154,"minecraft:brown_mushroom":30,"minecraft:cooked_rabbit":1,"megamons:cut_gengarite":1,"minecraft:shield":1,"cobblemon:cyan_mint_seeds":3,"minecraft:cornflower":8,"minecraft:moss_carpet":1,"cobblemon:revival_herb":10,"minecraft:iron_axe":2,"scguns:small_copper_casing":14,"cobblemon:white_apricorn":8,"minecraft:iron_shovel":1,"cobblemon:green_apricorn":4,"minecraft:beef":37,"minecraft:sugar_cane":85,"scguns:ancient_brass":36,"cobblemon:pep_up_flower":3,"minecraft:poppy":12,"cobblemon:dusk_stone":2,"minecraft:light_gray_wool":3,"minecraft:lectern":184,"cobblemon:master_ball":1,"cobblemon:green_apricorn_seed":1,"shroom_dealers:amethyst_deceiver":2,"minecraft:egg":7,"minecraft:phantom_membrane":1,"minecraft:dark_oak_sapling":2,"minecraft:raw_iron":283,"cobblemon:silver_powder":1,"shroom_dealers:cooked_bay_bolete":2,"minecraft:copper_ingot":2,"minecraft:bowl":2,"minecraft:carrot":2,"minecraft:redstone":4,"scguns:hog_round":6,"cobblemon:dawn_stone":2,"cobblemon:blue_mint_seeds":11,"minecraft:arrow":28,"minecraft:hay_block":50,"cobblemon:black_augurite":4,"minecraft:gold_ingot":6,"scguns:iron_spear":1,"minecraft:mutton":15,"cobblemon:blue_apricorn":186,"minecraft:white_wool":31,"cobblemon:tanga_berry":3,"minecraft:bone_block":152,"minecraft:oxeye_daisy":14,"minecraft:air":0,"minecraft:leather":29,"minecraft:red_mushroom":34,"minecraft:mushroom_stew":1,"cobblemon:slate_ball":1,"minecraft:oak_log":38,"minecraft:gunpowder":34,"megamons:raw_charizarditex":1,"scguns:large_brass_casing":21,"scguns:anthralite_nugget":12,"cobblemon:paralyze_heal":1,"minecraft:cooked_mutton":38,"scguns:powder_and_ball":5,"minecraft:apple":1,"scguns:brass_mask":1,"minecraft:rabbit_hide":5,"minecraft:iron_ingot":12,"cobblemon:coba_berry":7,"cobblemon:nest_ball":1,"travelersbackpack:blank_upgrade":1,"minecraft:flowering_azalea":1,"minecraft:soul_sand":15,"cobblemon:chilan_berry":17,"minecraft:book":9,"cobblemon:red_apricorn_seed":14,"cobblemon:azure_ball":3,"minecraft:pumpkin":4,"minecraft:sweet_berries":46,"cobblemon:payapa_berry":1,"cobblemon:black_apricorn_seed":23,"minecraft:quartz":2,"minecraft:dandelion":49,"minecraft:raw_iron_block":2,"cobblemon:blue_apricorn_seed":17,"minecraft:dripstone_block":5,"minecraft:gravel":4,"cobblemon:cheri_berry":27,"cobblemon:premier_ball":4,"cobblemon:yellow_apricorn_seed":16,"minecraft:amethyst_shard":5,"minecraft:spruce_sapling":14,"minecraft:blast_furnace":1,"minecraft:white_bed":8,"minecraft:spruce_log":64,"minecraft:spider_eye":6,"minecraft:spruce_door":1,"travelersbackpack:standard":11,"minecraft:slime_ball":2,"scguns:gun_bench":1,"minecraft:gray_wool":2,"naturescompass:naturescompass":1,"cobblemon:silk_scarf":1,"minecraft:baked_potato":1,"cobblemon:water_stone":1,"minecraft:coal":542,"minecraft:ender_pearl":2},"minecraft:custom":{"minecraft:interact_with_crafting_table":98,"minecraft:open_barrel":32,"minecraft:bell_ring":6,"minecraft:leave_game":21,"minecraft:time_since_death":18473,"minecraft:sprint_one_cm":2567841,"minecraft:damage_blocked_by_shield":5857,"minecraft:drop":412,"minecraft:talked_to_villager":198,"minecraft:play_time":1217033,"minecraft:deaths":47,"minecraft:jump":20122,"minecraft:walk_on_water_one_cm":80804,"minecraft:interact_with_furnace":122,"minecraft:traded_with_villager":1,"minecraft:sleep_in_bed":43,"minecraft:damage_dealt":40573,"minecraft:player_kills":3,"minecraft:crouch_one_cm":18007,"minecraft:interact_with_smoker":31,"minecraft:interact_with_smithing_table":7,"minecraft:interact_with_anvil":1,"minecraft:mob_kills":404,"minecraft:climb_one_cm":3282,"minecraft:walk_one_cm":3748609,"minecraft:sneak_time":13093,"minecraft:walk_under_water_one_cm":55901,"minecraft:boat_one_cm":89145,"minecraft:interact_with_blast_furnace":21,"minecraft:total_world_time":1217033,"minecraft:time_since_rest":18504,"minecraft:damage_taken":31449,"minecraft:swim_one_cm":84674,"minecraft:fly_one_cm":4068340,"minecraft:open_chest":330,"minecraft:fall_one_cm":491820},"minecraft:crafted":{"securitycraft:mine":3,"minecraft:oak_planks":124,"minecraft:cooked_chicken":3,"cobblemon:slate_ball":8,"patchouli:guide_book":1,"minecraft:cooked_mutton":14,"minecraft:glass":34,"minecraft:iron_boots":1,"minecraft:chest":20,"scguns:ridgetop":1,"cobblemon:azure_ball":12,"minecraft:cooked_rabbit":4,"minecraft:glass_bottle":6,"minecraft:oak_slab":12,"travelersbackpack:iron_tier_upgrade":1,"minecraft:cooked_porkchop":20,"minecraft:crafting_table":11,"minecraft:spruce_planks":172,"travelersbackpack:standard":5,"minecraft:wooden_pickaxe":2,"minecraft:iron_helmet":2,"megamons:key_stone":1,"minecraft:red_wool":2,"minecraft:copper_ingot":281,"travelersbackpack:red_sleeping_bag":1,"cobblemon:quick_ball":40,"cobblemon:poke_ball":132,"minecraft:iron_chestplate":1,"minecraft:charcoal":1,"minecraft:shield":1,"scguns:mechanical_press":1,"minecraft:stick":60,"minecraft:iron_ingot":139,"minecraft:iron_pickaxe":4,"minecraft:iron_block":1,"minecraft:gold_ingot":46,"minecraft:composter":1,"cobblemon:exp_share":2,"minecraft:wooden_sword":1,"minecraft:raw_iron":18,"minecraft:furnace":3,"minecraft:bone_meal":1182,"cobblemon:premier_ball":4,"travelersbackpack:blank_upgrade":4,"travelersbackpack:gold_tier_upgrade":1,"minecraft:flint_and_steel":1,"scguns:stun_grenade":6,"megamons:mega_cuff":1,"minecraft:stone_pickaxe":3,"minecraft:spruce_boat":1,"minecraft:dark_oak_planks":180,"minecraft:wheat":450,"minecraft:cooked_beef":22,"minecraft:red_dye":2,"travelersbackpack:backpack_tank":4,"securitycraft:netherrack_mine":1,"minecraft:iron_sword":2,"minecraft:dark_oak_button":3,"minecraft:stone_axe":4,"minecraft:enchanted_book":1,"minecraft:air":0,"minecraft:bread":150,"minecraft:wooden_axe":1,"minecraft:iron_leggings":1,"minecraft:white_bed":1,"minecraft:torch":84,"cobblemon:ultra_ball":100},"minecraft:killed_by":{"cobblemon:pokemon":14,"minecraft:creeper":5,"scguns:redcoat":5,"shroom_dealers:bay_bolete_dealer":1,"minecraft:witch":1,"minecraft:zombie":1,"scguns:cog_minion":3,"minecraft:player":1,"minecraft:stray":1,"shroom_dealers:swampy_glooper":2,"minecraft:skeleton":5,"scguns:hornlin":2},"minecraft:broken":{"scguns:brass_mask":1,"minecraft:iron_boots":1,"minecraft:iron_chestplate":1,"minecraft:iron_leggings":1,"minecraft:stone_pickaxe":3,"minecraft:wooden_sword":1,"minecraft:stone_axe":3,"minecraft:iron_sword":1,"minecraft:wooden_axe":1,"minecraft:shield":2,"minecraft:iron_axe":1,"minecraft:iron_pickaxe":4},"minecraft:dropped":{"cobblemon:blue_mint_leaf":9,"minecraft:soul_sand":8,"minecraft:brown_mushroom":11,"minecraft:cooked_beef":4,"shroom_dealers:cooked_bay_bolete":1,"cobblemon:blue_apricorn":21,"minecraft:ender_pearl":1,"minecraft:glass_bottle":1,"minecraft:dark_oak_sapling":1,"cobblemon:thunder_stone":1,"shroom_dealers:amethyst_deceiver":1,"minecraft:leather":3,"minecraft:dark_oak_button":3,"scguns:ancient_brass":6,"travelersbackpack:standard":2,"cobblemon:exp_share":1,"minecraft:red_mushroom":18,"cobblemon:dusk_stone":1,"minecraft:dirt":22,"cobblemon:razz_berry":16,"minecraft:dark_oak_log":64,"megamons:raw_charizarditex":1,"cobblemon:white_apricorn":4,"cobblemon:poke_ball":1,"scguns:hog_round":6,"minecraft:cornflower":1,"scguns:callwell":2,"cobblemon:green_apricorn":1,"minecraft:gold_nugget":3,"minecraft:bone_meal":2,"minecraft:axolotl_bucket":1,"cobblemon:blue_apricorn_seed":7,"cobblemon:great_ball":1,"minecraft:dark_oak_planks":13,"minecraft:white_wool":12,"scguns:small_copper_casing":14,"cobblemon:red_apricorn":9,"cobblemon:ultra_ball":3,"minecraft:bone":15,"minecraft:gravel":1,"cobblemon:tanga_berry":3,"minecraft:pointed_dripstone":5,"minecraft:rotten_flesh":47,"cobblemon:chesto_berry":12,"minecraft:cooked_mutton":11,"cobblemon:black_apricorn_seed":9,"minecraft:white_bed":1,"cobblemon:x_speed":1,"minecraft:rabbit_foot":2,"patchouli:guide_book":2,"scguns:anthralite_nugget":1,"cobblemon:bluk_berry":4,"simpletms:tr_acrobatics":1,"minecraft:poppy":3,"minecraft:rabbit_hide":6,"minecraft:tipped_arrow":1,"minecraft:spruce_pressure_plate":1,"cobblemon:revival_herb":6,"minecraft:leather_boots":1,"cobblemon:fire_stone":1,"minecraft:arrow":24,"minecraft:beef":13,"minecraft:quartz":2,"scguns:large_brass_casing":1,"minecraft:written_book":1,"minecraft:netherrack":166,"minecraft:egg":2,"cobblemon:max_potion":1,"minecraft:bread":28,"minecraft:wheat_seeds":30,"minecraft:clock":1,"minecraft:dripstone_block":1,"minecraft:feather":11,"minecraft:cobblestone":5,"minecraft:book":6,"cobblemon:yellow_apricorn_seed":6,"minecraft:coal":64,"minecraft:golden_apple":1,"minecraft:mushroom_stew":1,"minecraft:stick":3,"shroom_dealers:viney_lasso":1,"minecraft:diorite":10,"minecraft:wooden_axe":1,"minecraft:melon_slice":1,"minecraft:rabbit":3,"minecraft:brown_wool":6,"cobblemon:ice_stone":2,"megamons:cut_gyaradosite":1,"cobblemon:master_ball":1,"minecraft:iron_axe":1,"minecraft:iron_shovel":1,"minecraft:string":7,"minecraft:bucket":1,"cobblemon:rindo_berry":3,"minecraft:furnace":3,"cobblemon:black_augurite":4,"minecraft:raw_copper":34,"minecraft:bowl":2,"cobblemon:charti_berry":1,"minecraft:chicken":7,"minecraft:light_gray_wool":1,"cobblemon:quick_ball":1,"megamons:mega_cuff":3,"minecraft:flint_and_steel":1,"megamons:anistarite_rough_geode_block":4,"cobblemon:timer_ball":1,"minecraft:spruce_planks":1,"cobblemon:healing_machine":2,"minecraft:diamond_pickaxe":1,"minecraft:spider_eye":6,"minecraft:slime_ball":1,"minecraft:bow":6,"minecraft:wooden_pickaxe":1,"minecraft:cooked_rabbit":2,"cobblemon:silk_scarf":1},"minecraft:used":{"minecraft:moss_carpet":1,"minecraft:poppy":7,"minecraft:chest":18,"minecraft:shield":87,"minecraft:iron_sword":451,"minecraft:rotten_flesh":83,"minecraft:iron_chestplate":1,"minecraft:soul_sand":7,"minecraft:mutton":1,"cobblemon:wepear_berry":6,"minecraft:azure_bluet":2,"minecraft:milk_bucket":2,"minecraft:honey_bottle":2,"minecraft:spruce_boat":4,"minecraft:bow":6,"minecraft:sweet_berries":53,"minecraft:written_book":1,"minecraft:furnace":11,"minecraft:egg":4,"minecraft:spruce_door":1,"scguns:gun_bench":1,"minecraft:stripped_birch_log":3,"minecraft:oak_planks":3,"minecraft:stone_pickaxe":393,"securitycraft:netherrack_mine":1,"minecraft:wooden_pickaxe":46,"scguns:callwell":90,"minecraft:composter":2,"cobblemon:persim_berry":4,"minecraft:white_wool":5,"minecraft:golden_apple":1,"minecraft:sand":2,"minecraft:blast_furnace":1,"minecraft:mushroom_stew":1,"minecraft:dripstone_block":4,"cobblemon:yellow_apricorn_seed":10,"cobblemon:green_apricorn":2,"cobblemon:green_apricorn_seed":1,"minecraft:melon_slice":46,"minecraft:bread":123,"minecraft:brown_wool":4,"scguns:iron_spear":223,"minecraft:lectern":184,"minecraft:gravel":3,"scguns:stun_grenade":3,"minecraft:wooden_sword":60,"cobblemon:red_apricorn_seed":14,"minecraft:grindstone":1,"minecraft:smithing_table":1,"minecraft:cooked_rabbit":3,"minecraft:white_concrete":2,"minecraft:bone_meal":1266,"minecraft:flint_and_steel":1,"minecraft:spruce_planks":28,"minecraft:cooked_chicken":3,"minecraft:netherrack":156,"minecraft:torch":92,"minecraft:dirt":69,"cobblemon:cheri_berry":5,"minecraft:dark_oak_planks":104,"minecraft:wooden_axe":59,"minecraft:flowering_azalea":1,"scguns:mechanical_press":1,"minecraft:iron_axe":105,"minecraft:oak_stairs":4,"minecraft:iron_boots":1,"cobblemon:pc":6,"minecraft:light_gray_wool":2,"minecraft:beef":2,"minecraft:cooked_beef":32,"minecraft:cobbled_deepslate":68,"minecraft:pumpkin":4,"minecraft:powder_snow_bucket":34,"minecraft:iron_leggings":1,"minecraft:water_bucket":56,"minecraft:wheat_seeds":86,"minecraft:cooked_mutton":41,"minecraft:baked_potato":1,"minecraft:crafting_table":21,"cobblemon:black_apricorn_seed":14,"cobblemon:white_apricorn_seed":1,"minecraft:white_bed":8,"cobblemon:healing_machine":6,"minecraft:spruce_log":15,"minecraft:smoker":1,"minecraft:oak_log":7,"minecraft:cornflower":7,"minecraft:diamond_pickaxe":124,"minecraft:apple":1,"minecraft:oxeye_daisy":14,"minecraft:chicken":4,"cobblemon:oran_berry":25,"minecraft:iron_pickaxe":1005,"cobblemon:blue_apricorn":33,"minecraft:spruce_sapling":4,"minecraft:stone_axe":356,"shroom_dealers:cooked_bay_bolete":1,"minecraft:cobblestone":277,"travelersbackpack:standard":87,"minecraft:porkchop":3,"minecraft:cooked_porkchop":86,"minecraft:sea_pickle":2,"minecraft:bucket":94,"minecraft:dandelion":49,"cobblemon:red_apricorn":1,"shroom_dealers:amethyst_deceiver":1,"minecraft:gray_wool":2,"cobblemon:blue_apricorn_seed":8}},"DataVersion":3465}