{"stats":{"minecraft:used":{"minecraft:spruce_planks":24,"minecraft:shield":18,"minecraft:iron_sword":58,"minecraft:cooked_chicken":3,"minecraft:rotten_flesh":30,"minecraft:iron_chestplate":1,"minecraft:torch":8,"minecraft:dirt":36,"minecraft:mutton":1,"minecraft:milk_bucket":2,"minecraft:spruce_boat":3,"minecraft:iron_boots":1,"cobblemon:pc":1,"minecraft:furnace":8,"minecraft:cooked_beef":8,"minecraft:cobbled_deepslate":68,"minecraft:iron_leggings":1,"minecraft:cooked_mutton":6,"minecraft:water_bucket":4,"minecraft:stone_pickaxe":131,"minecraft:baked_potato":1,"minecraft:wooden_pickaxe":36,"minecraft:crafting_table":11,"minecraft:mushroom_stew":1,"minecraft:white_bed":8,"minecraft:spruce_log":3,"minecraft:chicken":3,"minecraft:iron_pickaxe":60,"shroom_dealers:cooked_bay_bolete":1,"minecraft:stone_axe":157,"minecraft:wooden_sword":60,"minecraft:cobblestone":29,"travelersbackpack:standard":3,"minecraft:porkchop":1,"minecraft:cooked_porkchop":12,"minecraft:cooked_rabbit":3,"minecraft:bucket":5},"minecraft:killed_by":{"cobblemon:pokemon":1,"minecraft:player":1,"minecraft:stray":1,"minecraft:creeper":1,"shroom_dealers:swampy_glooper":2,"shroom_dealers:bay_bolete_dealer":1,"minecraft:skeleton":1},"minecraft:dropped":{"cobblemon:blue_mint_leaf":9,"minecraft:brown_mushroom":10,"minecraft:wheat_seeds":1,"minecraft:clock":1,"shroom_dealers:cooked_bay_bolete":1,"minecraft:glass_bottle":1,"minecraft:feather":5,"minecraft:cobblestone":1,"minecraft:mushroom_stew":1,"minecraft:red_mushroom":18,"minecraft:diorite":10,"minecraft:brown_wool":5,"cobblemon:ice_stone":2,"minecraft:bucket":1,"minecraft:bone":2,"cobblemon:black_augurite":4,"minecraft:bowl":2,"cobblemon:tanga_berry":3,"minecraft:chicken":2,"minecraft:rotten_flesh":3,"minecraft:white_bed":1,"patchouli:guide_book":2,"minecraft:rabbit_hide":2,"megamons:anistarite_rough_geode_block":4,"minecraft:spruce_planks":1,"minecraft:spruce_pressure_plate":1,"minecraft:bow":2,"minecraft:arrow":5,"minecraft:wooden_pickaxe":1,"minecraft:cooked_rabbit":2,"cobblemon:silk_scarf":1},"minecraft:crafted":{"minecraft:wooden_sword":1,"minecraft:oak_planks":12,"minecraft:raw_iron":18,"minecraft:cooked_chicken":3,"minecraft:furnace":1,"minecraft:cooked_mutton":14,"minecraft:glass":12,"minecraft:iron_boots":1,"minecraft:stone_pickaxe":1,"minecraft:chest":1,"minecraft:spruce_boat":1,"minecraft:cooked_rabbit":4,"minecraft:cooked_beef":11,"minecraft:red_dye":2,"minecraft:cooked_porkchop":12,"minecraft:crafting_table":4,"minecraft:spruce_planks":56,"travelersbackpack:backpack_tank":2,"minecraft:wooden_pickaxe":1,"travelersbackpack:standard":1,"minecraft:iron_sword":1,"minecraft:red_wool":2,"minecraft:stone_axe":2,"minecraft:air":0,"travelersbackpack:red_sleeping_bag":1,"minecraft:iron_chestplate":1,"minecraft:charcoal":1,"minecraft:shield":1,"minecraft:stick":16,"minecraft:iron_ingot":25,"minecraft:iron_pickaxe":1,"minecraft:iron_leggings":1,"minecraft:gold_ingot":1,"minecraft:white_bed":1,"minecraft:torch":4},"minecraft:mined":{"minecraft:spruce_planks":10,"minecraft:white_bed":7,"cobblemon:pc":1,"minecraft:grass_block":6,"minecraft:brown_mushroom_block":1,"minecraft:spruce_leaves":2,"minecraft:spawner":1,"cobblemon:ice_stone_ore":2,"minecraft:raw_iron_block":2,"minecraft:furnace":7,"minecraft:iron_ore":3,"minecraft:fire":1,"minecraft:deepslate_iron_ore":31,"minecraft:vine":1,"minecraft:packed_ice":7,"minecraft:stone":47,"megamons:anistarite_rough_geode_block":4,"megamons:anistarite_geode_block":17,"minecraft:powder_snow":9,"minecraft:crafting_table":6,"cobblemon:blue_mint":9,"minecraft:torch":3,"minecraft:poppy":2,"minecraft:tall_grass":1,"minecraft:cobblestone":1,"minecraft:deepslate_gold_ore":2,"minecraft:sugar_cane":14,"minecraft:wall_torch":2,"minecraft:sweet_berry_bush":23,"minecraft:ice":1,"minecraft:spruce_log":18,"minecraft:birch_leaves":1,"minecraft:grass":10,"minecraft:oak_log":30,"minecraft:coal_ore":27,"minecraft:sand":12,"minecraft:dirt":30,"minecraft:red_mushroom_block":4,"minecraft:oak_leaves":3,"minecraft:deepslate":75,"minecraft:fern":3},"minecraft:custom":{"minecraft:mob_kills":85,"minecraft:interact_with_crafting_table":22,"minecraft:open_barrel":12,"minecraft:leave_game":5,"minecraft:time_since_death":17754,"minecraft:climb_one_cm":646,"minecraft:sprint_one_cm":394399,"minecraft:walk_one_cm":591945,"minecraft:damage_blocked_by_shield":2021,"minecraft:drop":69,"minecraft:play_time":185526,"minecraft:sneak_time":2200,"minecraft:deaths":9,"minecraft:walk_under_water_one_cm":24963,"minecraft:boat_one_cm":89145,"minecraft:jump":2915,"minecraft:walk_on_water_one_cm":32879,"minecraft:total_world_time":185526,"minecraft:interact_with_furnace":51,"minecraft:sleep_in_bed":9,"minecraft:time_since_rest":2877,"minecraft:damage_taken":5267,"minecraft:damage_dealt":15461,"minecraft:swim_one_cm":36983,"minecraft:fly_one_cm":656689,"minecraft:open_chest":15,"minecraft:crouch_one_cm":2603,"minecraft:fall_one_cm":45013},"minecraft:killed":{"minecraft:spider":1,"minecraft:skeleton":3,"minecraft:chicken":2,"minecraft:pig":5,"cobblemon:pokemon":23,"minecraft:rabbit":2,"shroom_dealers:swampy_glooper":1,"minecraft:creeper":2,"minecraft:polar_bear":3,"minecraft:sheep":3,"minecraft:zombie":32,"minecraft:stray":1,"shroom_dealers:swampy_gloop":1,"minecraft:cow":2},"minecraft:picked_up":{"minecraft:crafting_table":7,"minecraft:chicken":8,"cobblemon:blue_mint_leaf":9,"minecraft:brown_mushroom":29,"minecraft:cooked_rabbit":1,"cobblemon:white_apricorn":3,"minecraft:cobbled_deepslate":68,"minecraft:spruce_planks":46,"minecraft:beef":11,"cobblemon:oran_berry":20,"minecraft:poppy":2,"minecraft:sugar_cane":48,"minecraft:furnace":7,"minecraft:tipped_arrow":1,"minecraft:spruce_pressure_plate":1,"minecraft:raw_iron":105,"shroom_dealers:cooked_bay_bolete":2,"cobblemon:pc":1,"minecraft:torch":5,"minecraft:bowl":2,"minecraft:porkchop":13,"minecraft:diorite":10,"cobblemon:blue_mint_seeds":11,"minecraft:rotten_flesh":35,"minecraft:arrow":5,"minecraft:honey_bottle":1,"cobblemon:black_augurite":4,"minecraft:mutton":15,"cobblemon:tanga_berry":3,"minecraft:white_wool":11,"minecraft:cobblestone":47,"minecraft:air":0,"minecraft:feather":5,"minecraft:brown_wool":5,"minecraft:leather":5,"minecraft:red_mushroom":34,"minecraft:potato":1,"minecraft:mushroom_stew":1,"minecraft:oak_log":30,"megamons:anistarite_geode_block":16,"minecraft:dirt":36,"minecraft:bone":5,"minecraft:bow":2,"minecraft:wheat_seeds":1,"minecraft:raw_gold":2,"minecraft:rabbit_hide":1,"minecraft:iron_ingot":4,"minecraft:rabbit":3,"cobblemon:nest_ball":1,"minecraft:sweet_berries":43,"patchouli:guide_book":3,"minecraft:raw_iron_block":2,"minecraft:sand":12,"cobblemon:persim_berry":13,"minecraft:spruce_sapling":4,"minecraft:white_bed":8,"minecraft:spruce_log":23,"megamons:anistarite_rough_geode_block":4,"cobblemon:poke_ball":2,"minecraft:spruce_boat":2,"cobblemon:ice_stone":2,"cobblemon:silk_scarf":1,"minecraft:baked_potato":1,"minecraft:coal":100},"minecraft:broken":{"minecraft:stone_pickaxe":1,"minecraft:wooden_sword":1,"minecraft:stone_axe":2}},"DataVersion":3465}