{"stats":{"minecraft:used":{"minecraft:chest":2,"minecraft:spruce_planks":24,"minecraft:shield":28,"minecraft:iron_sword":110,"minecraft:cooked_chicken":3,"minecraft:rotten_flesh":30,"minecraft:iron_chestplate":1,"minecraft:torch":11,"minecraft:dirt":38,"minecraft:mutton":1,"minecraft:milk_bucket":2,"minecraft:spruce_boat":3,"minecraft:iron_boots":1,"cobblemon:pc":1,"minecraft:light_gray_wool":1,"minecraft:furnace":8,"minecraft:cooked_beef":12,"minecraft:cobbled_deepslate":68,"minecraft:iron_leggings":1,"minecraft:cooked_mutton":9,"minecraft:water_bucket":5,"minecraft:stone_pickaxe":131,"minecraft:baked_potato":1,"minecraft:wooden_pickaxe":36,"minecraft:white_wool":4,"minecraft:crafting_table":12,"minecraft:mushroom_stew":1,"minecraft:white_bed":8,"minecraft:smoker":1,"minecraft:spruce_log":3,"minecraft:brown_wool":1,"minecraft:chicken":3,"minecraft:iron_pickaxe":122,"minecraft:spruce_sapling":4,"shroom_dealers:cooked_bay_bolete":1,"minecraft:stone_axe":157,"minecraft:wooden_sword":60,"minecraft:cobblestone":29,"travelersbackpack:standard":8,"minecraft:porkchop":1,"minecraft:cooked_porkchop":19,"minecraft:cooked_rabbit":3,"minecraft:bucket":6,"minecraft:bone_meal":3,"minecraft:gray_wool":2},"minecraft:killed_by":{"cobblemon:pokemon":1,"minecraft:player":1,"minecraft:stray":1,"minecraft:creeper":1,"shroom_dealers:swampy_glooper":2,"shroom_dealers:bay_bolete_dealer":1,"minecraft:skeleton":1},"minecraft:dropped":{"cobblemon:blue_mint_leaf":9,"minecraft:brown_mushroom":10,"minecraft:wheat_seeds":5,"minecraft:clock":1,"minecraft:cooked_beef":4,"shroom_dealers:cooked_bay_bolete":1,"minecraft:glass_bottle":1,"minecraft:feather":5,"minecraft:cobblestone":1,"minecraft:coal":18,"minecraft:mushroom_stew":1,"minecraft:red_mushroom":18,"cobblemon:razz_berry":16,"minecraft:diorite":10,"cobblemon:white_apricorn":3,"minecraft:brown_wool":5,"cobblemon:ice_stone":2,"minecraft:iron_shovel":1,"minecraft:bucket":1,"minecraft:bone":5,"cobblemon:black_augurite":4,"minecraft:bowl":2,"cobblemon:tanga_berry":3,"minecraft:chicken":2,"minecraft:rotten_flesh":3,"minecraft:white_bed":1,"minecraft:rabbit_foot":1,"patchouli:guide_book":2,"minecraft:rabbit_hide":2,"megamons:anistarite_rough_geode_block":4,"minecraft:spruce_planks":1,"cobblemon:healing_machine":1,"minecraft:spruce_pressure_plate":1,"minecraft:spider_eye":1,"minecraft:beef":7,"minecraft:bow":3,"minecraft:arrow":6,"minecraft:wooden_pickaxe":1,"minecraft:cooked_rabbit":2,"cobblemon:silk_scarf":1},"minecraft:crafted":{"minecraft:wooden_sword":1,"minecraft:oak_planks":36,"minecraft:raw_iron":18,"minecraft:cooked_chicken":3,"minecraft:furnace":1,"minecraft:bone_meal":3,"patchouli:guide_book":1,"minecraft:cooked_mutton":14,"minecraft:glass":12,"minecraft:iron_boots":1,"minecraft:stone_pickaxe":1,"minecraft:chest":3,"minecraft:spruce_boat":1,"minecraft:cooked_rabbit":4,"minecraft:cooked_beef":16,"minecraft:red_dye":2,"minecraft:cooked_porkchop":12,"minecraft:crafting_table":5,"minecraft:spruce_planks":56,"travelersbackpack:backpack_tank":2,"minecraft:wooden_pickaxe":1,"travelersbackpack:standard":1,"minecraft:iron_sword":1,"minecraft:red_wool":2,"minecraft:stone_axe":2,"minecraft:air":0,"travelersbackpack:red_sleeping_bag":1,"minecraft:iron_chestplate":1,"minecraft:charcoal":1,"minecraft:shield":1,"minecraft:stick":24,"minecraft:iron_ingot":25,"minecraft:iron_pickaxe":1,"minecraft:iron_leggings":1,"minecraft:gold_ingot":1,"minecraft:white_bed":1,"minecraft:torch":16},"minecraft:mined":{"cobblemon:healing_machine":2,"minecraft:spruce_planks":10,"minecraft:white_bed":7,"cobblemon:pc":2,"minecraft:grass_block":8,"minecraft:brown_mushroom_block":1,"minecraft:spruce_leaves":2,"minecraft:spawner":1,"cobblemon:ice_stone_ore":2,"minecraft:raw_iron_block":2,"minecraft:furnace":7,"minecraft:iron_ore":3,"minecraft:fire":1,"minecraft:bookshelf":1,"minecraft:deepslate_iron_ore":31,"minecraft:vine":1,"minecraft:packed_ice":7,"minecraft:stone":61,"megamons:anistarite_rough_geode_block":4,"megamons:anistarite_geode_block":17,"minecraft:smoker":1,"minecraft:spruce_door":1,"minecraft:powder_snow":9,"minecraft:crafting_table":6,"cobblemon:blue_mint":9,"minecraft:torch":5,"minecraft:poppy":2,"minecraft:white_stained_glass_pane":4,"minecraft:copper_ore":2,"cobblemon:cyan_mint":3,"minecraft:tall_grass":5,"minecraft:cobblestone":1,"minecraft:deepslate_gold_ore":2,"minecraft:sugar_cane":14,"minecraft:wall_torch":2,"minecraft:sweet_berry_bush":24,"minecraft:ice":1,"minecraft:spruce_log":18,"minecraft:birch_leaves":1,"minecraft:grass":35,"minecraft:oak_log":30,"minecraft:coal_ore":67,"cobblemon:thunder_stone_ore":2,"minecraft:sand":12,"minecraft:dirt":30,"minecraft:red_mushroom_block":4,"minecraft:oak_leaves":3,"minecraft:deepslate":75,"minecraft:fern":3},"minecraft:custom":{"minecraft:mob_kills":108,"minecraft:interact_with_crafting_table":24,"minecraft:open_barrel":22,"minecraft:leave_game":5,"minecraft:time_since_death":65754,"minecraft:climb_one_cm":1220,"minecraft:sprint_one_cm":562144,"minecraft:walk_one_cm":742583,"minecraft:damage_blocked_by_shield":2847,"minecraft:drop":113,"minecraft:play_time":233526,"minecraft:sneak_time":2226,"minecraft:deaths":9,"minecraft:walk_under_water_one_cm":25293,"minecraft:boat_one_cm":89145,"minecraft:jump":4023,"minecraft:walk_on_water_one_cm":35803,"minecraft:total_world_time":233526,"minecraft:interact_with_furnace":55,"minecraft:sleep_in_bed":11,"minecraft:time_since_rest":26789,"minecraft:damage_taken":6119,"minecraft:damage_dealt":18300,"minecraft:swim_one_cm":38937,"minecraft:fly_one_cm":895679,"minecraft:open_chest":19,"minecraft:crouch_one_cm":2660,"minecraft:fall_one_cm":82378},"minecraft:killed":{"minecraft:spider":3,"minecraft:skeleton":4,"minecraft:chicken":2,"minecraft:pig":5,"cobblemon:pokemon":26,"minecraft:rabbit":2,"shroom_dealers:swampy_glooper":1,"minecraft:creeper":2,"minecraft:polar_bear":3,"minecraft:sheep":3,"minecraft:zombie":32,"minecraft:stray":1,"shroom_dealers:swampy_gloop":1,"minecraft:cow":6},"minecraft:picked_up":{"minecraft:crafting_table":7,"minecraft:chicken":8,"cobblemon:blue_mint_leaf":9,"minecraft:brown_mushroom":29,"cobblemon:red_apricorn":1,"minecraft:cooked_rabbit":1,"cobblemon:cyan_mint_seeds":3,"minecraft:string":1,"minecraft:raw_copper":5,"cobblemon:white_apricorn":3,"minecraft:iron_shovel":1,"minecraft:cobbled_deepslate":68,"cobblemon:green_apricorn":3,"minecraft:spruce_planks":46,"minecraft:beef":23,"cobblemon:oran_berry":46,"minecraft:poppy":2,"minecraft:light_gray_wool":1,"minecraft:sugar_cane":48,"cobblemon:green_apricorn_seed":1,"cobblemon:cyan_mint_leaf":4,"minecraft:furnace":7,"minecraft:tipped_arrow":1,"minecraft:spruce_pressure_plate":1,"minecraft:raw_iron":105,"shroom_dealers:cooked_bay_bolete":2,"cobblemon:pc":2,"minecraft:torch":7,"minecraft:bowl":2,"minecraft:porkchop":13,"minecraft:diorite":10,"minecraft:rabbit_foot":1,"cobblemon:blue_mint_seeds":11,"minecraft:rotten_flesh":37,"minecraft:arrow":6,"minecraft:honey_bottle":2,"cobblemon:black_augurite":4,"minecraft:mutton":15,"cobblemon:blue_apricorn":1,"cobblemon:tanga_berry":3,"minecraft:white_wool":19,"minecraft:cobblestone":61,"minecraft:air":0,"minecraft:feather":5,"minecraft:brown_wool":10,"minecraft:leather":8,"minecraft:smoker":1,"minecraft:red_mushroom":34,"cobblemon:razz_berry":16,"minecraft:potato":1,"minecraft:mushroom_stew":1,"minecraft:oak_log":30,"megamons:anistarite_geode_block":16,"minecraft:dirt":39,"minecraft:cooked_mutton":19,"minecraft:bone":8,"minecraft:bow":3,"minecraft:wheat_seeds":5,"minecraft:raw_gold":2,"minecraft:rabbit_hide":1,"minecraft:iron_ingot":4,"cobblemon:thunder_stone":2,"minecraft:rabbit":4,"cobblemon:nest_ball":1,"minecraft:book":3,"minecraft:cooked_porkchop":13,"minecraft:sweet_berries":43,"patchouli:guide_book":3,"minecraft:raw_iron_block":2,"minecraft:sand":12,"cobblemon:persim_berry":17,"minecraft:spruce_sapling":4,"minecraft:white_bed":8,"minecraft:spruce_log":23,"minecraft:spruce_door":1,"minecraft:spider_eye":1,"megamons:anistarite_rough_geode_block":4,"cobblemon:healing_machine":2,"cobblemon:poke_ball":2,"minecraft:spruce_boat":3,"minecraft:gray_wool":2,"cobblemon:ice_stone":2,"cobblemon:silk_scarf":1,"minecraft:baked_potato":1,"minecraft:coal":140},"minecraft:broken":{"minecraft:stone_pickaxe":1,"minecraft:wooden_sword":1,"minecraft:stone_axe":2}},"DataVersion":3465}