{"stats":{"minecraft:used":{"minecraft:poppy":7,"minecraft:chest":2,"minecraft:shield":60,"minecraft:iron_sword":240,"minecraft:rotten_flesh":36,"minecraft:iron_chestplate":1,"minecraft:mutton":1,"cobblemon:wepear_berry":6,"minecraft:azure_bluet":2,"minecraft:milk_bucket":2,"minecraft:spruce_boat":4,"minecraft:written_book":1,"minecraft:sweet_berries":3,"minecraft:furnace":8,"minecraft:spruce_door":1,"minecraft:stone_pickaxe":131,"minecraft:wooden_pickaxe":36,"minecraft:composter":2,"cobblemon:persim_berry":4,"minecraft:white_wool":4,"minecraft:mushroom_stew":1,"cobblemon:green_apricorn":2,"minecraft:bread":6,"minecraft:brown_wool":1,"minecraft:wooden_sword":60,"minecraft:cooked_rabbit":3,"minecraft:bone_meal":84,"minecraft:spruce_planks":24,"minecraft:cooked_chicken":3,"minecraft:torch":14,"minecraft:dirt":42,"cobblemon:cheri_berry":5,"minecraft:iron_boots":1,"cobblemon:pc":4,"minecraft:light_gray_wool":2,"minecraft:cooked_beef":18,"minecraft:cobbled_deepslate":68,"minecraft:pumpkin":4,"minecraft:iron_leggings":1,"minecraft:wheat_seeds":86,"minecraft:cooked_mutton":27,"minecraft:water_bucket":14,"minecraft:baked_potato":1,"minecraft:crafting_table":12,"minecraft:white_bed":8,"minecraft:smoker":1,"cobblemon:healing_machine":2,"minecraft:spruce_log":3,"minecraft:oak_log":7,"minecraft:cornflower":7,"minecraft:oxeye_daisy":14,"cobblemon:oran_berry":25,"minecraft:chicken":3,"minecraft:iron_pickaxe":201,"cobblemon:blue_apricorn":33,"minecraft:spruce_sapling":4,"minecraft:stone_axe":157,"shroom_dealers:cooked_bay_bolete":1,"minecraft:cobblestone":41,"travelersbackpack:standard":25,"minecraft:cooked_porkchop":30,"minecraft:porkchop":1,"minecraft:bucket":15,"minecraft:gray_wool":2,"cobblemon:red_apricorn":1,"minecraft:dandelion":49,"cobblemon:blue_apricorn_seed":1},"minecraft:killed_by":{"cobblemon:pokemon":1,"minecraft:creeper":1,"shroom_dealers:bay_bolete_dealer":1,"minecraft:player":1,"minecraft:stray":1,"shroom_dealers:swampy_glooper":2,"minecraft:skeleton":1},"minecraft:dropped":{"cobblemon:blue_mint_leaf":9,"minecraft:brown_mushroom":10,"minecraft:cooked_beef":4,"shroom_dealers:cooked_bay_bolete":1,"minecraft:glass_bottle":1,"cobblemon:thunder_stone":1,"minecraft:leather":2,"minecraft:red_mushroom":18,"cobblemon:razz_berry":16,"cobblemon:white_apricorn":3,"minecraft:cornflower":1,"cobblemon:green_apricorn":1,"minecraft:bone_meal":2,"minecraft:white_wool":4,"minecraft:bone":11,"cobblemon:tanga_berry":3,"minecraft:rotten_flesh":5,"minecraft:cooked_mutton":11,"minecraft:white_bed":1,"minecraft:rabbit_foot":1,"patchouli:guide_book":2,"minecraft:poppy":2,"minecraft:rabbit_hide":2,"minecraft:spruce_pressure_plate":1,"minecraft:arrow":9,"minecraft:beef":7,"minecraft:written_book":1,"minecraft:wheat_seeds":11,"minecraft:clock":1,"minecraft:feather":5,"minecraft:cobblestone":1,"minecraft:coal":18,"minecraft:mushroom_stew":1,"minecraft:diorite":10,"minecraft:brown_wool":5,"cobblemon:ice_stone":2,"minecraft:iron_shovel":1,"minecraft:bucket":1,"cobblemon:black_augurite":4,"minecraft:bowl":2,"minecraft:chicken":2,"megamons:anistarite_rough_geode_block":4,"cobblemon:timer_ball":1,"minecraft:spruce_planks":1,"cobblemon:healing_machine":1,"minecraft:spider_eye":2,"minecraft:bow":3,"minecraft:wooden_pickaxe":1,"minecraft:cooked_rabbit":2,"cobblemon:silk_scarf":1},"minecraft:crafted":{"minecraft:oak_planks":44,"minecraft:cooked_chicken":3,"cobblemon:slate_ball":8,"patchouli:guide_book":1,"minecraft:cooked_mutton":14,"minecraft:glass":12,"minecraft:iron_boots":1,"minecraft:chest":3,"minecraft:cooked_rabbit":4,"minecraft:oak_slab":12,"minecraft:cooked_porkchop":12,"minecraft:crafting_table":5,"minecraft:spruce_planks":56,"minecraft:wooden_pickaxe":1,"travelersbackpack:standard":1,"minecraft:red_wool":2,"minecraft:copper_ingot":14,"travelersbackpack:red_sleeping_bag":1,"minecraft:iron_chestplate":1,"minecraft:charcoal":1,"minecraft:shield":1,"minecraft:stick":24,"minecraft:iron_ingot":25,"minecraft:iron_pickaxe":1,"minecraft:gold_ingot":1,"minecraft:composter":1,"minecraft:wooden_sword":1,"minecraft:raw_iron":18,"minecraft:furnace":1,"minecraft:bone_meal":3,"cobblemon:premier_ball":4,"minecraft:stone_pickaxe":1,"minecraft:spruce_boat":1,"minecraft:wheat":108,"minecraft:cooked_beef":16,"minecraft:red_dye":2,"travelersbackpack:backpack_tank":2,"minecraft:iron_sword":1,"minecraft:stone_axe":2,"minecraft:bread":36,"minecraft:air":0,"minecraft:iron_leggings":1,"minecraft:white_bed":1,"minecraft:torch":16},"minecraft:mined":{"minecraft:spruce_planks":10,"minecraft:white_bed":7,"cobblemon:pc":5,"minecraft:grass_block":9,"minecraft:composter":2,"minecraft:oxeye_daisy":14,"minecraft:spawner":1,"cobblemon:ice_stone_ore":2,"minecraft:raw_iron_block":2,"minecraft:iron_ore":10,"minecraft:fire":1,"minecraft:pumpkin":4,"minecraft:azure_bluet":2,"minecraft:azalea":1,"megamons:anistarite_geode_block":17,"minecraft:smoker":1,"minecraft:powder_snow":9,"cobblemon:blue_mint":9,"minecraft:torch":6,"minecraft:poppy":11,"minecraft:white_stained_glass_pane":4,"minecraft:cobblestone":1,"minecraft:sugar_cane":14,"minecraft:wall_torch":2,"minecraft:deepslate_copper_ore":1,"minecraft:grass":784,"minecraft:oak_log":30,"cobblemon:thunder_stone_ore":2,"minecraft:sand":12,"minecraft:dirt":33,"minecraft:red_mushroom_block":4,"minecraft:oak_leaves":3,"minecraft:deepslate":75,"cobblemon:healing_machine":3,"cobblemon:cheri_berry":2,"minecraft:brown_mushroom_block":1,"minecraft:spruce_leaves":2,"minecraft:hay_block":27,"minecraft:furnace":8,"minecraft:bookshelf":1,"minecraft:deepslate_iron_ore":32,"minecraft:vine":1,"minecraft:packed_ice":7,"minecraft:stone":77,"megamons:anistarite_rough_geode_block":4,"minecraft:spruce_door":1,"minecraft:dandelion":50,"travelersbackpack:standard":2,"minecraft:crafting_table":6,"minecraft:cornflower":8,"cobblemon:cyan_mint":3,"minecraft:tall_grass":53,"minecraft:copper_ore":32,"minecraft:deepslate_gold_ore":2,"minecraft:sweet_berry_bush":24,"minecraft:ice":1,"minecraft:spruce_log":18,"minecraft:birch_leaves":1,"minecraft:coal_ore":86,"cobblemon:blue_apricorn_sapling":1,"minecraft:fern":4},"minecraft:custom":{"minecraft:interact_with_crafting_table":31,"minecraft:open_barrel":22,"minecraft:leave_game":6,"minecraft:time_since_death":185587,"minecraft:sprint_one_cm":942377,"minecraft:damage_blocked_by_shield":4137,"minecraft:drop":147,"minecraft:play_time":353359,"minecraft:deaths":9,"minecraft:jump":6188,"minecraft:walk_on_water_one_cm":37863,"minecraft:interact_with_furnace":65,"minecraft:sleep_in_bed":16,"minecraft:damage_dealt":25136,"minecraft:crouch_one_cm":3039,"minecraft:interact_with_smoker":2,"minecraft:mob_kills":147,"minecraft:climb_one_cm":1232,"minecraft:walk_one_cm":1117595,"minecraft:sneak_time":2476,"minecraft:walk_under_water_one_cm":28105,"minecraft:boat_one_cm":89145,"minecraft:total_world_time":353359,"minecraft:time_since_rest":2967,"minecraft:damage_taken":8568,"minecraft:swim_one_cm":39530,"minecraft:fly_one_cm":1422993,"minecraft:open_chest":24,"minecraft:fall_one_cm":135678},"minecraft:killed":{"minecraft:spider":10,"minecraft:skeleton":11,"minecraft:chicken":2,"minecraft:pig":5,"minecraft:zombie_villager":1,"shroom_dealers:swampy_glooper":1,"minecraft:creeper":2,"minecraft:sheep":3,"minecraft:zombie":50,"minecraft:stray":1,"shroom_dealers:swampy_gloop":1,"minecraft:cow":6,"minecraft:phantom":1,"cobblemon:pokemon":26,"minecraft:rabbit":2,"minecraft:polar_bear":3},"minecraft:picked_up":{"cobblemon:timer_ball":1,"cobblemon:red_apricorn":1,"cobblemon:wepear_berry":26,"minecraft:string":3,"minecraft:raw_copper":112,"minecraft:cobbled_deepslate":68,"minecraft:spruce_planks":46,"cobblemon:oran_berry":75,"minecraft:written_book":1,"minecraft:furnace":8,"cobblemon:cyan_mint_leaf":4,"minecraft:tipped_arrow":1,"minecraft:spruce_pressure_plate":1,"cobblemon:pc":5,"minecraft:composter":2,"minecraft:torch":8,"minecraft:porkchop":13,"minecraft:diorite":10,"minecraft:rabbit_foot":1,"minecraft:honey_bottle":3,"minecraft:rotten_flesh":53,"minecraft:cobblestone":74,"minecraft:feather":5,"minecraft:cooked_beef":8,"minecraft:brown_wool":10,"minecraft:smoker":1,"minecraft:potato":1,"cobblemon:razz_berry":16,"megamons:anistarite_geode_block":16,"minecraft:dirt":43,"minecraft:bone":16,"minecraft:bow":3,"cobblemon:black_apricorn":9,"minecraft:wheat_seeds":97,"minecraft:raw_gold":2,"cobblemon:thunder_stone":2,"minecraft:rabbit":4,"cobblemon:poison_barb":1,"cobblemon:figy_berry":1,"minecraft:cooked_porkchop":18,"patchouli:guide_book":3,"minecraft:sand":12,"cobblemon:persim_berry":17,"megamons:anistarite_rough_geode_block":4,"cobblemon:healing_machine":3,"cobblemon:poke_ball":2,"minecraft:spruce_boat":3,"minecraft:bone_meal":83,"cobblemon:ice_stone":2,"cobblemon:chesto_berry":6,"minecraft:crafting_table":7,"minecraft:azure_bluet":2,"minecraft:chicken":8,"cobblemon:blue_mint_leaf":9,"minecraft:brown_mushroom":29,"minecraft:cooked_rabbit":1,"minecraft:shield":1,"cobblemon:cyan_mint_seeds":3,"minecraft:cornflower":8,"cobblemon:white_apricorn":7,"minecraft:iron_shovel":1,"cobblemon:green_apricorn":4,"minecraft:beef":23,"minecraft:poppy":11,"minecraft:light_gray_wool":2,"minecraft:sugar_cane":48,"cobblemon:green_apricorn_seed":1,"minecraft:phantom_membrane":1,"minecraft:raw_iron":113,"shroom_dealers:cooked_bay_bolete":2,"minecraft:bowl":2,"cobblemon:blue_mint_seeds":11,"minecraft:arrow":11,"minecraft:hay_block":27,"cobblemon:black_augurite":4,"minecraft:mutton":15,"cobblemon:blue_apricorn":34,"cobblemon:tanga_berry":3,"minecraft:white_wool":22,"minecraft:oxeye_daisy":14,"minecraft:air":0,"minecraft:leather":11,"minecraft:red_mushroom":34,"minecraft:mushroom_stew":1,"minecraft:oak_log":30,"cobblemon:paralyze_heal":1,"minecraft:cooked_mutton":24,"minecraft:rabbit_hide":1,"minecraft:iron_ingot":4,"cobblemon:nest_ball":1,"minecraft:book":3,"minecraft:pumpkin":4,"minecraft:sweet_berries":46,"cobblemon:payapa_berry":1,"cobblemon:black_apricorn_seed":1,"minecraft:dandelion":49,"cobblemon:blue_apricorn_seed":3,"minecraft:raw_iron_block":2,"cobblemon:cheri_berry":27,"cobblemon:premier_ball":4,"minecraft:spruce_sapling":4,"minecraft:white_bed":8,"minecraft:spruce_log":23,"minecraft:spruce_door":1,"minecraft:spider_eye":2,"travelersbackpack:standard":2,"minecraft:gray_wool":2,"cobblemon:silk_scarf":1,"minecraft:baked_potato":1,"minecraft:coal":186},"minecraft:broken":{"minecraft:stone_pickaxe":1,"minecraft:wooden_sword":1,"minecraft:stone_axe":2,"minecraft:shield":1}},"DataVersion":3465}