{"stats":{"minecraft:custom":{"minecraft:interact_with_crafting_table":160,"minecraft:open_barrel":48,"minecraft:bell_ring":6,"minecraft:leave_game":27,"minecraft:time_since_death":72160,"minecraft:damage_blocked_by_shield":5857,"minecraft:play_time":2300322,"minecraft:deaths":88,"minecraft:jump":35714,"minecraft:interact_with_furnace":148,"minecraft:traded_with_villager":11,"minecraft:sleep_in_bed":64,"minecraft:damage_dealt":46056,"minecraft:interact_with_smoker":69,"minecraft:interact_with_smithing_table":14,"minecraft:interact_with_anvil":13,"minecraft:sneak_time":31560,"minecraft:interact_with_blast_furnace":75,"minecraft:total_world_time":2300322,"minecraft:interact_with_stonecutter":1,"minecraft:time_since_rest":62663,"minecraft:swim_one_cm":91081,"minecraft:fly_one_cm":6816752,"minecraft:open_chest":817,"minecraft:fall_one_cm":835361,"minecraft:sprint_one_cm":4650748,"minecraft:drop":816,"minecraft:talked_to_villager":210,"minecraft:interact_with_brewingstand":3,"minecraft:walk_on_water_one_cm":115814,"minecraft:player_kills":10,"minecraft:crouch_one_cm":73725,"minecraft:mob_kills":1188,"minecraft:climb_one_cm":14231,"minecraft:walk_one_cm":6710796,"minecraft:raid_win":2,"minecraft:walk_under_water_one_cm":77522,"minecraft:boat_one_cm":89145,"minecraft:raid_trigger":2,"minecraft:damage_taken":58213},"minecraft:dropped":{"cobblemon:ability_patch":12,"minecraft:cooked_beef":4,"shroom_dealers:cooked_bay_bolete":1,"minecraft:glass_bottle":2,"minecraft:crossbow":1,"shroom_dealers:amethyst_deceiver":1,"minecraft:dark_oak_button":3,"cobblemon:exp_share":1,"scguns:shotgun_shell":128,"minecraft:red_mushroom":29,"cobblemon:dusk_stone":1,"minecraft:dirt":24,"cobblemon:razz_berry":16,"cobblemon:white_apricorn":4,"scguns:hog_round":6,"cobblemon:poke_ball":1,"scguns:callwell":2,"minecraft:gold_nugget":7,"minecraft:bone_meal":2,"minecraft:bone_block":22,"cobblemon:great_ball":1,"cobblemon:blue_apricorn_seed":7,"minecraft:dark_oak_planks":13,"minecraft:white_wool":12,"cobblemon:red_apricorn":9,"cobblemon:ultra_ball":4,"minecraft:bone":17,"minecraft:stone_axe":1,"minecraft:rotten_flesh":88,"cobblemon:chesto_berry":12,"minecraft:glowstone_dust":3,"minecraft:azure_bluet":2,"cobblemon:black_apricorn_seed":9,"minecraft:white_bed":2,"minecraft:rabbit_foot":4,"cobblemon:bluk_berry":5,"simpletms:tr_acrobatics":1,"minecraft:tipped_arrow":1,"minecraft:leather_boots":1,"minecraft:acacia_sapling":1,"cobblemon:fire_stone":1,"minecraft:beef":21,"scguns:large_brass_casing":36,"minecraft:egg":4,"cobblemon:max_potion":1,"minecraft:wheat_seeds":57,"minecraft:clock":1,"minecraft:dripstone_block":1,"minecraft:book":6,"minecraft:feather":14,"minecraft:cobblestone":8,"cobblemon:yellow_apricorn_seed":6,"scguns:diamond_steel_blueprint":1,"scguns:reflex_sight":1,"minecraft:coal":64,"cobblemon:chilan_berry":1,"minecraft:golden_apple":1,"minecraft:mushroom_stew":1,"cobblemon:magmarizer":1,"cobblemon:payapa_berry":4,"minecraft:wooden_axe":1,"minecraft:rabbit":4,"minecraft:diamond_helmet":1,"minecraft:stripped_birch_log":1,"minecraft:white_banner":3,"minecraft:iron_shovel":1,"minecraft:string":10,"cobblemon:rindo_berry":3,"minecraft:furnace":3,"cobblemon:wepear_berry":1,"minecraft:soul_soil":19,"scguns:mas_55":1,"scguns:netherite_scrap_chunk":64,"minecraft:bowl":2,"cobblemon:charti_berry":1,"minecraft:chicken":12,"minecraft:iron_boots":1,"scguns:light_grip":1,"cobblemon:quick_ball":1,"megamons:mega_cuff":3,"megamons:anistarite_rough_geode_block":4,"cobblemon:everstone":1,"minecraft:potato":1,"minecraft:shroomlight":2,"minecraft:sea_pickle":2,"minecraft:spruce_planks":1,"cobblemon:healing_machine":2,"minecraft:diamond_pickaxe":3,"minecraft:spider_eye":11,"minecraft:bow":8,"minecraft:cooked_rabbit":2,"cobblemon:blue_mint_leaf":9,"minecraft:soul_sand":14,"minecraft:brown_mushroom":11,"minecraft:dark_oak_stairs":1,"cobblemon:blue_apricorn":21,"minecraft:ender_pearl":1,"minecraft:dark_oak_sapling":7,"cobblemon:thunder_stone":1,"minecraft:lantern":1,"minecraft:leather":3,"scguns:ancient_brass":6,"travelersbackpack:standard":3,"scguns:iron_spear":4,"cobblemon:vivichoke_seeds":1,"minecraft:flint":1,"minecraft:cracked_polished_blackstone_bricks":1,"minecraft:dark_oak_log":64,"megamons:raw_charizarditex":1,"cobblemon:dawn_stone":1,"minecraft:cornflower":1,"cobblemon:green_apricorn":1,"minecraft:axolotl_bucket":1,"scguns:small_copper_casing":23,"minecraft:gravel":63,"scguns:super_shotgun":1,"minecraft:blackstone":27,"cobblemon:tanga_berry":5,"minecraft:pointed_dripstone":5,"minecraft:cooked_mutton":11,"cobblemon:x_speed":1,"patchouli:guide_book":2,"scguns:anthralite_nugget":1,"minecraft:poppy":4,"minecraft:rabbit_hide":6,"minecraft:leather_chestplate":1,"minecraft:spruce_pressure_plate":1,"cobblemon:revival_herb":6,"cobblemon:hard_stone":2,"minecraft:arrow":95,"scguns:krahg_round":2112,"minecraft:quartz":152,"minecraft:written_book":1,"minecraft:netherrack":2413,"minecraft:stone_hoe":1,"minecraft:bread":28,"minecraft:poisonous_potato":1,"cobblemon:oran_berry":1,"minecraft:stick":3,"shroom_dealers:viney_lasso":1,"minecraft:diorite":14,"minecraft:melon_slice":1,"minecraft:brown_wool":12,"cobblemon:ice_stone":2,"megamons:cut_gyaradosite":1,"minecraft:iron_leggings":1,"cobblemon:master_ball":1,"minecraft:iron_axe":1,"minecraft:cactus":2,"minecraft:bucket":1,"minecraft:sweet_berries":2,"cobblemon:black_augurite":4,"minecraft:raw_copper":34,"minecraft:light_gray_wool":4,"minecraft:flint_and_steel":1,"cobblemon:timer_ball":1,"minecraft:iron_chestplate":1,"minecraft:andesite":8,"minecraft:golden_sword":1,"minecraft:slime_ball":1,"minecraft:wooden_pickaxe":1,"cobblemon:silk_scarf":1},"minecraft:broken":{"minecraft:iron_boots":4,"minecraft:iron_chestplate":2,"minecraft:iron_leggings":3,"minecraft:wooden_sword":1,"minecraft:iron_sword":1,"minecraft:shield":2,"minecraft:iron_axe":2,"minecraft:iron_pickaxe":4,"minecraft:iron_helmet":2,"scguns:brass_mask":1,"minecraft:golden_leggings":1,"minecraft:stone_pickaxe":3,"minecraft:stone_axe":3,"minecraft:wooden_axe":1,"scguns:ridgetop":1},"minecraft:killed_by":{"minecraft:piglin_brute":6,"scguns:redcoat":6,"minecraft:magma_cube":1,"minecraft:zombie":1,"scguns:cog_minion":4,"minecraft:vex":1,"minecraft:stray":1,"scguns:hornlin":4,"cobblemon:pokemon":21,"minecraft:creeper":10,"shroom_dealers:bay_bolete_dealer":1,"minecraft:witch":1,"minecraft:player":3,"shroom_dealers:swampy_glooper":2,"minecraft:skeleton":8},"minecraft:mined":{"minecraft:white_bed":12,"cobblemon:dawn_stone_ore":5,"minecraft:jungle_leaves":1,"minecraft:oxeye_daisy":14,"minecraft:spawner":1,"cobblemon:ice_stone_ore":3,"minecraft:polished_blackstone_bricks":13,"minecraft:fire":138,"minecraft:pumpkin":4,"minecraft:moss_carpet":1,"minecraft:oak_stairs":4,"cobblemon:water_stone_ore":1,"minecraft:smoker":1,"minecraft:soul_fire":10,"minecraft:powder_snow":71,"minecraft:torch":21,"minecraft:blast_furnace":1,"minecraft:melon":14,"minecraft:white_stained_glass_pane":6,"minecraft:dead_bush":1,"minecraft:glass":1,"minecraft:sugar_cane":66,"minecraft:grass":898,"cobblemon:thunder_stone_ore":2,"minecraft:red_mushroom_block":4,"minecraft:stonecutter":1,"travelersbackpack:emerald":4,"minecraft:deepslate":76,"cobblemon:healing_machine":12,"cobblemon:shiny_stone_ore":4,"minecraft:dark_oak_log":122,"minecraft:stripped_birch_log":3,"cobblemon:cheri_berry":2,"minecraft:redstone_ore":1,"minecraft:potatoes":102,"minecraft:vine":1,"cobblemon:nether_fire_stone_ore":3,"minecraft:bone_block":132,"minecraft:smithing_table":1,"megamons:anistarite_rough_geode_block":4,"minecraft:glass_pane":4,"minecraft:soul_sand":6,"minecraft:dandelion":51,"minecraft:cornflower":8,"minecraft:emerald_ore":11,"cobblemon:cyan_mint":3,"minecraft:tall_grass":74,"minecraft:copper_ore":93,"minecraft:deepslate_gold_ore":2,"scguns:gun_bench":1,"scguns:vehement_coal_ore":12,"minecraft:spruce_log":59,"minecraft:birch_leaves":2,"minecraft:gravel":42,"minecraft:dripstone_block":5,"cobblemon:sun_stone_ore":1,"minecraft:fern":15,"securitycraft:mine":1,"minecraft:spruce_planks":11,"cobblemon:pc":21,"minecraft:grass_block":69,"minecraft:cracked_polished_blackstone_bricks":9,"minecraft:white_concrete":2,"minecraft:soul_soil":6,"scguns:nether_sulfur_ore":41,"minecraft:composter":4,"minecraft:raw_iron_block":2,"minecraft:glowstone":61,"minecraft:iron_ore":610,"minecraft:azure_bluet":2,"cobblemon:medicinal_leek":7,"minecraft:pointed_dripstone":2,"minecraft:azalea":1,"megamons:anistarite_geode_block":17,"minecraft:blackstone":8,"cobblemon:revival_herb":3,"cobblemon:blue_mint":9,"minecraft:poppy":11,"minecraft:nether_quartz_ore":79,"minecraft:cobblestone":27,"minecraft:grindstone":1,"minecraft:oak_planks":9,"cobblemon:dripstone_moon_stone_ore":3,"minecraft:wall_torch":5,"minecraft:deepslate_copper_ore":1,"minecraft:seagrass":1,"cobblemon:restoration_tank":1,"cobblemon:green_mint":2,"cobblemon:dusk_stone_ore":2,"minecraft:oak_log":38,"minecraft:sand":36,"minecraft:dirt":55,"minecraft:netherrack":493,"minecraft:ancient_debris":5,"minecraft:oak_leaves":4,"minecraft:nether_gold_ore":300,"minecraft:dark_oak_leaves":54,"cobblemon:moon_stone_ore":2,"minecraft:brown_mushroom_block":1,"minecraft:spruce_leaves":11,"minecraft:large_fern":4,"minecraft:hay_block":50,"minecraft:furnace":12,"minecraft:gold_block":29,"minecraft:bookshelf":4,"minecraft:deepslate_iron_ore":60,"minecraft:shroomlight":2,"minecraft:lantern":1,"minecraft:packed_ice":8,"minecraft:stone":492,"minecraft:flowering_azalea":1,"cobblemon:black_apricorn_sapling":1,"minecraft:basalt":4,"minecraft:spruce_door":1,"travelersbackpack:standard":9,"minecraft:crafting_table":10,"minecraft:lectern":184,"minecraft:sweet_berry_bush":26,"minecraft:ice":7,"minecraft:coal_ore":426,"cobblemon:blue_apricorn_sapling":1},"minecraft:killed":{"scguns:swarm":5,"minecraft:skeleton":114,"scguns:cog_knight":11,"minecraft:chicken":3,"minecraft:magma_cube":254,"shroom_dealers:swampy_glooper":1,"minecraft:pillager":47,"minecraft:zombie":222,"minecraft:cow":7,"minecraft:evoker":4,"minecraft:vindicator":19,"scguns:cog_minion":8,"minecraft:horse":4,"scguns:redcoat":14,"shroom_dealers:amethyst_deceiver_dealer":2,"minecraft:husk":10,"minecraft:rabbit":2,"minecraft:wandering_trader":2,"minecraft:ravager":3,"minecraft:polar_bear":3,"scguns:dissident":4,"minecraft:enderman":3,"minecraft:witch":4,"minecraft:spider":62,"scguns:supply_scamp":2,"minecraft:piglin_brute":8,"minecraft:piglin":15,"minecraft:pig":10,"minecraft:zombie_villager":7,"scguns:blunderer":3,"minecraft:creeper":94,"minecraft:sheep":12,"minecraft:trader_llama":2,"minecraft:stray":5,"minecraft:ghast":3,"shroom_dealers:swampy_gloop":3,"minecraft:vex":1,"minecraft:phantom":1,"minecraft:drowned":2,"cobblemon:pokemon":110,"shroom_dealers:champignon_dealer":1,"scguns:hive":7,"minecraft:villager":4},"minecraft:used":{"minecraft:poppy":7,"minecraft:chest":19,"minecraft:stone":2,"minecraft:rotten_flesh":115,"minecraft:soul_sand":73,"cobblemon:wepear_berry":6,"travelersbackpack:emerald":45,"minecraft:azure_bluet":2,"minecraft:spruce_boat":4,"minecraft:bow":6,"minecraft:sweet_berries":64,"minecraft:furnace":11,"minecraft:egg":6,"minecraft:potato":108,"scguns:super_shotgun":5,"minecraft:spruce_door":1,"minecraft:stripped_birch_log":3,"securitycraft:netherrack_mine":1,"minecraft:blackstone":7,"minecraft:wooden_pickaxe":46,"minecraft:composter":2,"cobblemon:persim_berry":4,"minecraft:golden_apple":1,"minecraft:sand":2,"minecraft:blast_furnace":1,"cobblemon:yellow_apricorn_seed":22,"minecraft:lectern":184,"scguns:stun_grenade":20,"securitycraft:mine":3,"minecraft:wooden_sword":60,"cobblemon:red_apricorn_seed":14,"minecraft:smithing_table":1,"scguns:molotov_cocktail":2,"minecraft:netherrack":495,"minecraft:torch":104,"cobblemon:cheri_berry":5,"minecraft:flowering_azalea":1,"minecraft:iron_axe":236,"minecraft:totem_of_undying":2,"cobblemon:pc":20,"minecraft:basalt":4,"minecraft:beef":2,"minecraft:cobbled_deepslate":68,"minecraft:wheat_seeds":86,"minecraft:water_bucket":63,"minecraft:polished_blackstone_bricks":13,"minecraft:tnt":1,"minecraft:crafting_table":21,"cobblemon:black_apricorn_seed":14,"minecraft:white_bed":15,"cobblemon:healing_machine":8,"minecraft:spruce_log":15,"minecraft:oak_log":7,"minecraft:diamond_pickaxe":1624,"minecraft:cornflower":7,"minecraft:oxeye_daisy":14,"cobblemon:oran_berry":25,"minecraft:iron_pickaxe":1005,"cobblemon:blue_apricorn":33,"minecraft:spruce_sapling":4,"shroom_dealers:cooked_bay_bolete":1,"scguns:mas_55":241,"minecraft:cobblestone":378,"travelersbackpack:standard":298,"minecraft:porkchop":3,"minecraft:cooked_porkchop":91,"shroom_dealers:amethyst_deceiver":1,"cobblemon:red_apricorn":1,"minecraft:dandelion":49,"cobblemon:blue_apricorn_seed":10,"minecraft:moss_carpet":2,"minecraft:iron_shovel":87,"minecraft:shield":87,"minecraft:iron_sword":451,"minecraft:iron_chestplate":2,"minecraft:mutton":2,"minecraft:milk_bucket":2,"minecraft:honey_bottle":4,"minecraft:glass":1,"minecraft:lantern":2,"minecraft:written_book":1,"minecraft:dark_oak_stairs":1,"scguns:gun_bench":1,"scguns:anthralite_bayonet":7,"minecraft:stone_pickaxe":393,"minecraft:oak_planks":10,"minecraft:ender_pearl":1,"minecraft:sugar_cane":38,"scguns:callwell":90,"minecraft:white_wool":5,"minecraft:light_blue_concrete":4,"minecraft:mushroom_stew":1,"cobblemon:restoration_tank":1,"minecraft:dripstone_block":4,"cobblemon:green_apricorn":2,"cobblemon:green_apricorn_seed":1,"minecraft:melon_slice":59,"minecraft:bread":123,"minecraft:brown_wool":5,"scguns:iron_spear":1189,"minecraft:gravel":12,"minecraft:grindstone":1,"minecraft:cooked_rabbit":3,"minecraft:white_concrete":6,"minecraft:bone_meal":1533,"minecraft:flint_and_steel":1,"minecraft:spruce_planks":28,"minecraft:cooked_chicken":3,"minecraft:dirt":105,"minecraft:dark_oak_planks":104,"minecraft:wooden_axe":59,"scguns:mechanical_press":1,"minecraft:oak_stairs":4,"minecraft:iron_boots":1,"minecraft:light_gray_wool":2,"minecraft:soul_soil":47,"minecraft:cooked_beef":38,"minecraft:powder_snow_bucket":34,"minecraft:pumpkin":4,"minecraft:iron_leggings":1,"minecraft:cooked_mutton":41,"scguns:musket":42,"minecraft:baked_potato":321,"minecraft:stonecutter":1,"cobblemon:white_apricorn_seed":1,"minecraft:smoker":2,"minecraft:apple":1,"minecraft:cracked_polished_blackstone_bricks":8,"minecraft:chicken":8,"minecraft:stone_axe":361,"minecraft:white_banner":1,"minecraft:bucket":101,"minecraft:sea_pickle":2,"minecraft:gray_wool":2},"minecraft:picked_up":{"minecraft:wooden_axe":1,"cobblemon:timer_ball":1,"minecraft:smithing_table":1,"minecraft:lead":4,"minecraft:oak_stairs":4,"scguns:small_casing_mold":1,"minecraft:golden_sword":1,"minecraft:string":38,"minecraft:soul_soil":66,"minecraft:shroomlight":2,"minecraft:gold_nugget":1152,"minecraft:cobbled_deepslate":69,"cobblemon:exp_candy_s":32,"cobblemon:white_apricorn_seed":1,"minecraft:spruce_planks":47,"cobblemon:oran_berry":193,"minecraft:written_book":1,"scguns:diamond_steel_blueprint":1,"cobblemon:quick_ball":21,"minecraft:melon_slice":65,"minecraft:spruce_pressure_plate":1,"cobblemon:spell_tag":1,"cobblemon:pc":21,"minecraft:composter":5,"cobblemon:never_melt_ice":1,"minecraft:rabbit_foot":4,"minecraft:honey_bottle":5,"cobblemon:green_mint_seeds":3,"minecraft:sponge":1,"minecraft:feather":14,"minecraft:cooked_beef":14,"minecraft:water_bucket":1,"minecraft:brown_wool":23,"minecraft:smoker":2,"minecraft:flint":3,"megamons:mega_cuff":3,"minecraft:lantern":3,"minecraft:stonecutter":1,"scguns:grapeshot":3,"minecraft:rabbit":7,"minecraft:glowstone_dust":153,"cobblemon:razor_claw":1,"cobblemon:sun_stone":4,"cobblemon:figy_berry":1,"securitycraft:mine":1,"patchouli:guide_book":4,"scguns:netherite_scrap_chunk":64,"scguns:gun_parts_mold":1,"minecraft:dark_oak_log":109,"megamons:anistarite_rough_geode_block":4,"cobblemon:restoration_tank":2,"cobblemon:rindo_berry":3,"cobblemon:hard_stone":1,"megamons:cut_gyaradosite":1,"minecraft:diamond_pickaxe":2,"minecraft:crafting_table":12,"scguns:krahg_round":2940,"cobblemon:yellow_apricorn":270,"megamons:cut_gengarite":1,"minecraft:cornflower":8,"scguns:small_copper_casing":29,"minecraft:netherite_scrap":1,"minecraft:iron_shovel":1,"minecraft:beef":63,"scguns:ancient_brass":77,"minecraft:poppy":14,"cobblemon:pep_up_flower":3,"minecraft:chest":1,"cobblemon:green_apricorn_seed":1,"shroom_dealers:amethyst_deceiver":2,"minecraft:egg":11,"cobblemon:yache_berry":1,"cobblemon:silver_powder":1,"shroom_dealers:cooked_bay_bolete":2,"cobblemon:rawst_berry":1,"minecraft:carrot":2,"minecraft:redstone":5,"minecraft:tnt":1,"cobblemon:blue_mint_seeds":11,"cobblemon:everstone":1,"minecraft:shears":1,"minecraft:hay_block":50,"minecraft:gold_ingot":6,"minecraft:totem_of_undying":2,"scguns:iron_spear":5,"minecraft:mutton":32,"minecraft:white_wool":45,"cobblemon:blue_apricorn":186,"cobblemon:tanga_berry":5,"minecraft:bone_block":174,"minecraft:oxeye_daisy":14,"minecraft:red_mushroom":45,"cobblemon:slate_ball":1,"minecraft:oak_log":38,"minecraft:ancient_debris":6,"scguns:large_brass_casing":163,"minecraft:white_banner":7,"scguns:gun_parts":3,"minecraft:apple":1,"scguns:brass_mask":1,"minecraft:glass_bottle":2,"cobblemon:nest_ball":2,"minecraft:flowering_azalea":1,"travelersbackpack:blank_upgrade":1,"minecraft:dark_oak_stairs":2,"cobblemon:skull_fossil":1,"cobblemon:chilan_berry":18,"cobblemon:red_apricorn_seed":14,"minecraft:sweet_berries":59,"cobblemon:payapa_berry":5,"cobblemon:blue_apricorn_seed":17,"minecraft:gravel":103,"cobblemon:cheri_berry":27,"minecraft:spruce_sapling":14,"cobblemon:pink_apricorn":2,"minecraft:spruce_log":64,"travelersbackpack:standard":12,"minecraft:slime_ball":4,"scguns:gun_bench":1,"naturescompass:naturescompass":1,"minecraft:gray_wool":2,"cobblemon:silk_scarf":1,"minecraft:baked_potato":95,"minecraft:hopper":5,"minecraft:ender_pearl":3,"minecraft:light_blue_concrete":4,"cobblemon:red_apricorn":145,"cobblemon:charti_berry":1,"travelersbackpack:emerald":5,"cobblemon:wepear_berry":27,"minecraft:raw_copper":316,"minecraft:sea_pickle":4,"scguns:musket":1,"minecraft:iron_boots":1,"minecraft:furnace":12,"cobblemon:cyan_mint_leaf":4,"minecraft:tipped_arrow":4,"minecraft:stick":12,"minecraft:torch":28,"travelersbackpack:iron_tier_upgrade":1,"travelersbackpack:diamond_tier_upgrade":1,"minecraft:porkchop":25,"minecraft:pointed_dripstone":5,"minecraft:diorite":14,"minecraft:cactus":2,"minecraft:rotten_flesh":219,"megamons:cut_garchompite":1,"scguns:sheol":1,"minecraft:blaze_powder":3,"minecraft:cobblestone":526,"minecraft:leather_chestplate":1,"minecraft:magma_cream":3,"cobblemon:great_ball":21,"cobblemon:ultra_ball":29,"minecraft:repeater":2,"minecraft:andesite":8,"minecraft:golden_leggings":1,"minecraft:potato":331,"cobblemon:razz_berry":16,"cobblemon:bluk_berry":5,"scguns:mas_55":1,"megamons:anistarite_geode_block":16,"minecraft:lapis_lazuli":4,"minecraft:dirt":206,"minecraft:stripped_birch_log":4,"minecraft:leather_boots":1,"minecraft:bone":72,"scguns:vehement_coal":11,"minecraft:bow":8,"minecraft:wheat_seeds":143,"cobblemon:black_apricorn":162,"minecraft:raw_gold":2,"minecraft:grindstone":1,"cobblemon:thunder_stone":2,"scguns:sulfur_chunk":99,"cobblemon:moon_stone":5,"minecraft:stone_hoe":2,"minecraft:oak_planks":8,"cobblemon:poison_barb":1,"minecraft:ghast_tear":2,"cobblemon:kasib_berry":4,"scguns:shotgun_shell":1321,"minecraft:cooked_porkchop":79,"cobblemon:fire_stone":5,"minecraft:poisonous_potato":1,"cobblemon:shiny_stone":6,"minecraft:sand":36,"cobblemon:persim_berry":17,"minecraft:grass_block":1,"cobblemon:healing_machine":13,"cobblemon:poke_ball":16,"minecraft:diamond":4,"minecraft:spruce_boat":3,"cobblemon:quick_claw":1,"minecraft:cracked_polished_blackstone_bricks":9,"shroom_dealers:viney_lasso":1,"minecraft:crossbow":3,"minecraft:bone_meal":86,"minecraft:white_concrete":5,"cobblemon:ice_stone":3,"minecraft:emerald":85,"cobblemon:medicinal_leek":16,"cobblemon:chesto_berry":34,"minecraft:netherrack":2818,"scguns:callwell":2,"cobblemon:green_mint_leaf":4,"minecraft:azure_bluet":4,"minecraft:chicken":24,"cobblemon:blue_mint_leaf":9,"minecraft:brown_mushroom":30,"minecraft:cooked_rabbit":1,"minecraft:gold_block":28,"minecraft:shield":1,"cobblemon:cyan_mint_seeds":3,"minecraft:moss_carpet":2,"cobblemon:revival_herb":10,"minecraft:iron_axe":4,"cobblemon:white_apricorn":9,"minecraft:blackstone":34,"cobblemon:green_apricorn":4,"cobblemon:dusk_stone":3,"minecraft:light_gray_wool":6,"minecraft:lectern":184,"minecraft:sugar_cane":135,"cobblemon:master_ball":1,"minecraft:phantom_membrane":1,"minecraft:dark_oak_sapling":8,"minecraft:raw_iron":745,"minecraft:copper_ingot":2,"minecraft:bowl":2,"minecraft:polished_blackstone_bricks":13,"scguns:hog_round":6,"cobblemon:magmarizer":1,"cobblemon:dawn_stone":5,"minecraft:arrow":126,"cobblemon:black_augurite":4,"minecraft:saddle":1,"minecraft:air":0,"minecraft:basalt":4,"minecraft:leather":54,"minecraft:mushroom_stew":1,"minecraft:gunpowder":93,"megamons:raw_charizarditex":1,"scguns:pebbles":14,"scguns:anthralite_nugget":35,"minecraft:cooked_mutton":38,"cobblemon:paralyze_heal":1,"scguns:powder_and_ball":9,"minecraft:rabbit_hide":5,"minecraft:iron_ingot":15,"cobblemon:coba_berry":7,"minecraft:acacia_sapling":1,"minecraft:soul_sand":87,"minecraft:book":72,"cobblemon:azure_ball":3,"minecraft:pumpkin":4,"minecraft:stone_brick_slab":1,"minecraft:brush":1,"cobblemon:black_apricorn_seed":23,"minecraft:quartz":152,"minecraft:dandelion":49,"minecraft:raw_iron_block":2,"minecraft:dripstone_block":5,"cobblemon:premier_ball":4,"cobblemon:yellow_apricorn_seed":28,"minecraft:amethyst_shard":5,"minecraft:blast_furnace":1,"minecraft:white_bed":13,"minecraft:spruce_door":1,"minecraft:spider_eye":11,"cobblemon:water_stone":1,"minecraft:coal":589},"minecraft:crafted":{"scguns:buckshot":90,"patchouli:guide_book":1,"minecraft:cooked_mutton":26,"minecraft:iron_bars":16,"minecraft:glass":154,"cobblemon:azure_ball":12,"minecraft:cooked_rabbit":4,"minecraft:glass_bottle":18,"scguns:small_casing_mold":1,"scguns:gun_magazine":1,"minecraft:emerald":216,"minecraft:cooked_porkchop":22,"travelersbackpack:standard":5,"minecraft:copper_ingot":281,"scguns:anthralite_ingot":1,"travelersbackpack:red_sleeping_bag":1,"cobblemon:poke_ball":132,"travelersbackpack:emerald":2,"cobblemon:quick_ball":208,"scguns:mechanical_press":1,"scguns:blank_mold":1,"minecraft:iron_pickaxe":4,"minecraft:iron_block":1,"minecraft:gold_ingot":224,"minecraft:netherite_ingot":1,"minecraft:composter":1,"cobblemon:exp_share":4,"minecraft:iron_nugget":72,"minecraft:bone_meal":1449,"travelersbackpack:gold_tier_upgrade":2,"travelersbackpack:blank_upgrade":4,"megamons:mega_cuff":1,"minecraft:stone_pickaxe":3,"scguns:vertical_grip":1,"minecraft:spruce_boat":1,"scguns:advanced_silencer":1,"minecraft:dark_oak_planks":180,"minecraft:wheat":450,"scguns:anthralite_bayonet":1,"cobblemon:electirizer":1,"scguns:long_scope":1,"scguns:wooden_stock":1,"securitycraft:netherrack_mine":1,"minecraft:dark_oak_button":3,"minecraft:glowstone":2,"minecraft:enchanted_book":10,"minecraft:wooden_axe":1,"minecraft:iron_shovel":1,"minecraft:iron_leggings":4,"minecraft:white_bed":4,"cobblemon:ultra_ball":288,"securitycraft:mine":3,"minecraft:oak_planks":124,"minecraft:cooked_chicken":3,"cobblemon:slate_ball":8,"minecraft:stone":90,"minecraft:iron_boots":4,"cobblemon:magnet":1,"minecraft:chest":20,"scguns:ridgetop":1,"minecraft:oak_slab":12,"scguns:pebbles":148,"travelersbackpack:iron_tier_upgrade":2,"minecraft:crafting_table":11,"minecraft:spruce_planks":172,"minecraft:iron_helmet":6,"minecraft:baked_potato":246,"minecraft:wooden_pickaxe":2,"megamons:key_stone":1,"minecraft:red_wool":2,"scguns:powder_and_ball":240,"minecraft:iron_chestplate":4,"minecraft:paper":96,"minecraft:charcoal":1,"minecraft:shield":1,"minecraft:stick":68,"minecraft:iron_ingot":692,"minecraft:wooden_sword":1,"minecraft:raw_iron":18,"scguns:light_grip":1,"minecraft:furnace":3,"cobblemon:premier_ball":4,"scguns:diamond_steel_blueprint":1,"minecraft:glass_pane":16,"minecraft:flint_and_steel":1,"scguns:molotov_cocktail":2,"scguns:stun_grenade":18,"minecraft:iron_axe":1,"minecraft:netherite_scrap":6,"minecraft:cooked_beef":40,"scguns:iron_bayonet":1,"minecraft:red_dye":2,"travelersbackpack:backpack_tank":4,"minecraft:iron_sword":2,"minecraft:stone_axe":4,"minecraft:bread":150,"minecraft:air":0,"minecraft:blue_dye":1,"scguns:reflex_sight":1,"minecraft:torch":84}},"DataVersion":3465}