{"stats":{"minecraft:dropped":{"minecraft:bowl":1,"cobblemon:black_apricorn":2,"cobblemon:black_apricorn_seed":2,"minecraft:flint":2,"cobblemon:white_mint_seeds":2},"minecraft:killed_by":{"cobblemon:pokemon":7,"minecraft:player":1,"minecraft:skeleton":5,"shroom_dealers:swampy_gloop":1},"minecraft:picked_up":{"minecraft:coarse_dirt":1,"cobblemon:ultra_ball":2,"minecraft:leather":1,"minecraft:flint":2,"cobblemon:bluk_berry":15,"minecraft:string":2,"minecraft:dirt":10,"scguns:small_copper_casing":4,"cobblemon:white_mint_leaf":3,"cobblemon:black_apricorn":2,"minecraft:rabbit_hide":1,"minecraft:beef":3,"cobblemon:oran_berry":6,"cobblemon:quick_ball":1,"minecraft:egg":2,"scguns:shotgun_shell":64,"securitycraft:mine":64,"cobblemon:black_apricorn_seed":2,"minecraft:porkchop":4,"cobblemon:white_mint_seeds":2,"minecraft:white_bed":1,"minecraft:spruce_log":14,"minecraft:dark_oak_planks":10,"cobblemon:poke_ball":2,"cobblemon:rindo_berry":1,"minecraft:mutton":4,"scguns:callwell":1,"cobblemon:blue_apricorn":2,"minecraft:white_wool":2,"minecraft:cobblestone":3},"minecraft:custom":{"minecraft:interact_with_furnace":2,"minecraft:mob_kills":6,"minecraft:interact_with_crafting_table":3,"minecraft:open_barrel":3,"minecraft:interact_with_campfire":4,"minecraft:leave_game":1,"minecraft:time_since_death":7511,"minecraft:climb_one_cm":0,"minecraft:time_since_rest":7535,"minecraft:sprint_one_cm":138606,"minecraft:damage_taken":4224,"minecraft:walk_one_cm":158316,"minecraft:drop":9,"minecraft:damage_dealt":236,"minecraft:swim_one_cm":47,"minecraft:fly_one_cm":108381,"minecraft:open_chest":9,"minecraft:crouch_one_cm":1906,"minecraft:play_time":61473,"minecraft:deaths":14,"minecraft:sneak_time":434,"minecraft:walk_under_water_one_cm":163,"minecraft:jump":558,"minecraft:walk_on_water_one_cm":4156,"minecraft:interact_with_smoker":3,"minecraft:total_world_time":61473,"minecraft:fall_one_cm":13813},"minecraft:mined":{"minecraft:powder_snow":31,"minecraft:grass_block":1,"minecraft:decorated_pot":1,"minecraft:spruce_leaves":1,"cobblemon:oran_berry":3,"minecraft:coarse_dirt":1,"minecraft:spruce_log":14,"minecraft:grass":2,"cobblemon:white_mint":1,"minecraft:dirt":1,"minecraft:stone":5},"minecraft:crafted":{"minecraft:crafting_table":2,"minecraft:spruce_planks":56,"minecraft:wooden_pickaxe":1,"minecraft:baked_potato":1,"minecraft:cooked_mutton":2,"minecraft:air":0,"securitycraft:dirt_mine":1,"minecraft:stick":8,"minecraft:stone_pickaxe":1,"minecraft:wooden_axe":1},"minecraft:used":{"minecraft:cooked_mutton":2,"minecraft:stone_pickaxe":1,"minecraft:spruce_planks":10,"minecraft:wooden_pickaxe":6,"scguns:callwell":31,"minecraft:dirt":9,"minecraft:mutton":1,"minecraft:crafting_table":2,"minecraft:dark_oak_planks":9,"minecraft:wooden_axe":5,"minecraft:bread":1,"minecraft:suspicious_stew":1,"minecraft:beef":3,"securitycraft:dirt_mine":1,"minecraft:egg":2,"minecraft:coarse_dirt":1},"minecraft:killed":{"rctmod:trainer":1,"minecraft:pig":1,"minecraft:spider":1,"minecraft:sheep":2}},"DataVersion":3465}