{"stats":{"minecraft:custom":{"minecraft:interact_with_crafting_table":142,"minecraft:open_barrel":64,"minecraft:leave_game":15,"minecraft:time_since_death":44378,"minecraft:sprint_one_cm":3049484,"minecraft:drop":227,"minecraft:play_time":1006787,"minecraft:deaths":54,"minecraft:jump":18412,"minecraft:walk_on_water_one_cm":218213,"minecraft:interact_with_furnace":220,"minecraft:sleep_in_bed":27,"minecraft:damage_dealt":26763,"minecraft:player_kills":14,"minecraft:crouch_one_cm":41853,"minecraft:interact_with_smoker":56,"minecraft:inspect_dispenser":2,"minecraft:interact_with_smithing_table":6,"minecraft:mob_kills":152,"minecraft:inspect_hopper":1,"minecraft:climb_one_cm":572,"minecraft:walk_one_cm":2632214,"minecraft:sneak_time":13977,"minecraft:walk_under_water_one_cm":80393,"minecraft:boat_one_cm":132570,"minecraft:total_world_time":1006787,"minecraft:time_since_rest":6976,"minecraft:damage_taken":26603,"minecraft:damage_absorbed":10,"minecraft:swim_one_cm":146744,"minecraft:fly_one_cm":5094898,"minecraft:open_chest":90,"minecraft:fall_one_cm":413082},"minecraft:dropped":{"naturescompass:naturescompass":1,"minecraft:brown_mushroom":6,"minecraft:moss_block":21,"minecraft:diamond_axe":1,"minecraft:cooked_beef":1,"shroom_dealers:cooked_bay_bolete":2,"cobblemon:red_apricorn_seed":2,"cobblemon:blue_apricorn":13,"minecraft:glass_bottle":4,"minecraft:lantern":1,"minecraft:leather":7,"minecraft:red_wool":1,"travelersbackpack:iron_tier_upgrade":1,"travelersbackpack:standard":3,"minecraft:red_mushroom":1,"minecraft:flint":1,"minecraft:dirt":108,"minecraft:grass":2,"minecraft:dark_oak_fence":9,"minecraft:sugar":2,"cobblemon:great_ball":33,"minecraft:white_wool":3,"cobblemon:red_apricorn":2,"minecraft:gold_ingot":5,"minecraft:gravel":8,"minecraft:sugar_cane":1,"minecraft:ancient_debris":4,"minecraft:iron_nugget":5,"minecraft:cobbled_deepslate":109,"minecraft:rotten_flesh":17,"minecraft:oak_planks":15,"cobblemon:black_apricorn_seed":5,"minecraft:azure_bluet":8,"minecraft:poppy":24,"minecraft:rabbit_hide":3,"cobblemon:white_apricorn_seed":1,"minecraft:gunpowder":14,"minecraft:spruce_pressure_plate":1,"minecraft:leather_boots":1,"minecraft:arrow":10,"minecraft:oak_leaves":6,"minecraft:netherrack":279,"minecraft:iron_ingot":13,"minecraft:bread":1,"minecraft:stripped_spruce_log":1,"minecraft:wheat_seeds":45,"minecraft:clock":1,"minecraft:tnt":1,"minecraft:poisonous_potato":1,"minecraft:feather":3,"minecraft:golden_axe":1,"minecraft:cobblestone":3,"minecraft:stick":2,"minecraft:diorite":5,"minecraft:torch":2,"minecraft:white_concrete":29,"minecraft:brown_wool":9,"travelersbackpack:blank_upgrade":1,"minecraft:iron_leggings":2,"minecraft:oak_stairs":2,"minecraft:flowering_azalea":9,"minecraft:iron_axe":2,"cobblemon:x_special_defence":1,"minecraft:iron_shovel":2,"minecraft:paper":30,"scguns:geothermal_vent":2,"minecraft:spruce_sapling":1,"minecraft:dandelion":1,"minecraft:redstone":27,"minecraft:bowl":2,"minecraft:tuff":10,"minecraft:raw_iron":1,"megamons:anistarite_geode_block":8,"minecraft:filled_map":2,"minecraft:shroomlight":2,"minecraft:andesite":4,"minecraft:spider_eye":2,"minecraft:stone_pickaxe":1,"minecraft:cooked_rabbit":1},"minecraft:broken":{"minecraft:shears":1,"minecraft:iron_boots":2,"minecraft:iron_chestplate":2,"minecraft:iron_leggings":1,"minecraft:golden_sword":2,"minecraft:iron_sword":1,"minecraft:stone_shovel":3,"minecraft:stone_sword":1,"minecraft:wooden_pickaxe":1,"minecraft:golden_axe":1,"minecraft:iron_axe":2,"minecraft:iron_pickaxe":1},"minecraft:killed_by":{"cobblemon:pokemon":14,"minecraft:creeper":1,"minecraft:zombie":7,"minecraft:player":11,"shroom_dealers:swampy_glooper":1,"minecraft:warden":2,"minecraft:skeleton":7,"shroom_dealers:swampy_gloop":1,"scguns:hornlin":2},"minecraft:mined":{"minecraft:oak_sapling":2,"minecraft:white_bed":6,"minecraft:sculk_vein":1,"minecraft:obsidian":11,"minecraft:spruce_trapdoor":9,"minecraft:grass_block":766,"minecraft:white_concrete":719,"minecraft:deepslate_tile_stairs":1,"minecraft:hopper":3,"minecraft:oxeye_daisy":1,"minecraft:spawner":2,"minecraft:raw_iron_block":2,"minecraft:glowstone":32,"minecraft:dark_oak_trapdoor":1,"minecraft:iron_ore":38,"minecraft:barrel":6,"minecraft:fire":15,"minecraft:azure_bluet":2,"cobblemon:medicinal_leek":18,"minecraft:sculk_shrieker":6,"minecraft:cave_vines":1,"minecraft:dirt_path":5,"minecraft:oak_stairs":51,"minecraft:azalea":13,"scguns:geothermal_vent":2,"minecraft:deepslate_redstone_ore":64,"megamons:anistarite_geode_block":64,"minecraft:blackstone":1,"minecraft:smoker":4,"megamons:kangaskhanite_crystal_ore":2,"minecraft:torch":3,"minecraft:poppy":10,"minecraft:mushroom_stem":9,"minecraft:cobblestone":22,"minecraft:oak_planks":61,"minecraft:sugar_cane":10,"minecraft:wall_torch":1,"minecraft:amethyst_block":1,"minecraft:warped_fungus":1,"cobblemon:deepslate_thunder_stone_ore":1,"minecraft:tnt":1,"cobblemon:persim_berry":1,"minecraft:grass":1081,"minecraft:cracked_deepslate_tiles":1,"minecraft:oak_log":80,"minecraft:dark_oak_sapling":2,"minecraft:sand":237,"minecraft:dirt":142,"minecraft:ancient_debris":3,"minecraft:netherrack":138,"minecraft:deepslate":234,"minecraft:oak_leaves":479,"cobblemon:healing_machine":1,"minecraft:tuff":18,"minecraft:dark_oak_leaves":6,"minecraft:deepslate_diamond_ore":28,"minecraft:dark_oak_log":397,"minecraft:sea_lantern":8,"minecraft:dark_oak_fence":79,"minecraft:spruce_leaves":23,"minecraft:moss_block":30,"minecraft:rooted_dirt":3,"minecraft:large_fern":3,"minecraft:hay_block":14,"minecraft:redstone_ore":6,"minecraft:spruce_sapling":2,"minecraft:furnace":14,"minecraft:carrots":3,"minecraft:nether_sprouts":1,"minecraft:andesite":16,"minecraft:stripped_spruce_log":1,"minecraft:bookshelf":2,"minecraft:potatoes":106,"minecraft:deepslate_iron_ore":111,"minecraft:lantern":1,"minecraft:packed_ice":5,"minecraft:stone":164,"minecraft:flowering_azalea":17,"minecraft:glass_pane":8,"minecraft:stripped_dark_oak_log":145,"minecraft:dandelion":2,"minecraft:spruce_door":16,"minecraft:crafting_table":10,"minecraft:cornflower":1,"minecraft:tall_grass":173,"minecraft:deepslate_gold_ore":14,"minecraft:red_concrete":31,"cobblemon:oran_berry":4,"minecraft:sculk":1,"minecraft:diorite":10,"minecraft:warped_wart_block":1,"minecraft:gray_wool":4,"minecraft:coarse_dirt":4,"minecraft:cobblestone_wall":3,"minecraft:sea_pickle":1,"minecraft:sweet_berry_bush":1,"minecraft:ice":9,"minecraft:spruce_log":55,"minecraft:coal_ore":31,"megamons:crystal_sun_stone_ore":2,"minecraft:gravel":159,"minecraft:cobweb":6,"cobblemon:blue_apricorn_sapling":1,"minecraft:spruce_fence_gate":8,"minecraft:stone_bricks":1,"minecraft:gold_ore":5,"minecraft:fern":3},"minecraft:killed":{"minecraft:witch":1,"minecraft:spider":12,"minecraft:skeleton":12,"scguns:cog_knight":1,"minecraft:piglin":3,"minecraft:zombie_villager":1,"minecraft:creeper":8,"minecraft:sheep":2,"minecraft:zombie":60,"minecraft:cow":11,"scguns:cog_minion":1,"minecraft:phantom":2,"minecraft:drowned":3,"cobblemon:pokemon":21},"minecraft:used":{"minecraft:moss_block":9,"minecraft:iron_shovel":268,"minecraft:poppy":3,"minecraft:white_concrete_powder":170,"minecraft:chest":2,"minecraft:iron_sword":282,"minecraft:grass":5,"minecraft:rotten_flesh":58,"minecraft:iron_chestplate":1,"securitycraft:keypad_item":1,"minecraft:carrot":41,"minecraft:tuff":5,"minecraft:obsidian":12,"minecraft:honey_bottle":2,"minecraft:spruce_boat":4,"minecraft:lantern":5,"minecraft:stone_bricks":1,"minecraft:golden_sword":44,"minecraft:sweet_berries":38,"minecraft:oak_sapling":24,"minecraft:furnace":14,"minecraft:cooked_cod":8,"minecraft:egg":1,"minecraft:potato":209,"minecraft:dark_oak_sapling":40,"minecraft:spruce_door":20,"minecraft:oak_planks":311,"minecraft:stone_pickaxe":95,"minecraft:wooden_pickaxe":59,"scguns:callwell":64,"minecraft:diamond_axe":417,"securitycraft:reinforced_glass_pane":64,"minecraft:golden_apple":1,"minecraft:oak_leaves":376,"minecraft:dark_oak_trapdoor":101,"securitycraft:reinforced_spruce_fence_gate":6,"minecraft:shears":418,"minecraft:dark_oak_log":49,"minecraft:bread":74,"minecraft:gravel":12,"cobblemon:red_apricorn_seed":1,"minecraft:cooked_rabbit":1,"cobblemon:medicinal_leek":2,"minecraft:dark_oak_fence":43,"minecraft:smithing_table":1,"minecraft:andesite":1,"minecraft:coarse_dirt":10,"minecraft:white_concrete":712,"minecraft:bone_meal":159,"minecraft:azalea":12,"minecraft:stone_sword":131,"minecraft:stone_shovel":423,"minecraft:cooked_salmon":2,"minecraft:cooked_chicken":2,"minecraft:netherrack":115,"minecraft:torch":3,"minecraft:dirt":932,"shroom_dealers:champignon_grilled_cheese_bread":1,"minecraft:hopper":3,"minecraft:cobblestone_wall":4,"minecraft:iron_hoe":93,"securitycraft:reinforced_dirt":2,"minecraft:flowering_azalea":8,"minecraft:bookshelf":2,"minecraft:rooted_dirt":3,"minecraft:iron_axe":558,"minecraft:oak_stairs":62,"minecraft:iron_boots":1,"minecraft:barrel":6,"securitycraft:remote_access_sentry":1,"securitycraft:sentry":2,"minecraft:glowstone":13,"minecraft:cooked_beef":31,"minecraft:cobbled_deepslate":38,"minecraft:golden_axe":29,"minecraft:iron_leggings":1,"minecraft:cooked_mutton":27,"minecraft:wheat_seeds":137,"minecraft:water_bucket":17,"minecraft:rabbit":1,"minecraft:baked_potato":14,"minecraft:spruce_fence_gate":8,"minecraft:salmon":1,"minecraft:stripped_dark_oak_log":98,"minecraft:crafting_table":16,"minecraft:white_bed":6,"cobblemon:healing_machine":2,"minecraft:spruce_log":4,"minecraft:smoker":5,"minecraft:oak_log":2,"minecraft:cornflower":2,"minecraft:diamond_pickaxe":1482,"minecraft:apple":4,"minecraft:oxeye_daisy":1,"minecraft:diamond_shovel":389,"minecraft:iron_pickaxe":217,"minecraft:suspicious_stew":1,"cobblemon:blue_apricorn":3,"minecraft:spruce_trapdoor":9,"minecraft:spruce_sapling":14,"shroom_dealers:cooked_bay_bolete":1,"minecraft:cobblestone":73,"minecraft:potion":1,"travelersbackpack:standard":45,"minecraft:cooked_porkchop":11,"minecraft:bucket":18,"minecraft:glass_pane":32,"minecraft:sea_pickle":4,"shroom_dealers:amethyst_deceiver":2,"minecraft:dandelion":3,"cobblemon:blue_apricorn_seed":5},"minecraft:picked_up":{"cobblemon:remedy":1,"minecraft:wheat":7,"cobblemon:timer_ball":1,"cobblemon:red_apricorn":56,"minecraft:oak_stairs":52,"minecraft:potion":1,"minecraft:golden_sword":1,"cobblemon:wepear_berry":27,"minecraft:string":32,"minecraft:dark_oak_trapdoor":1,"minecraft:raw_copper":34,"securitycraft:reinforced_dirt":2,"minecraft:shroomlight":2,"minecraft:sea_pickle":4,"minecraft:gold_nugget":6,"minecraft:cobbled_deepslate":152,"cobblemon:exp_candy_s":32,"cobblemon:white_apricorn_seed":1,"minecraft:spruce_planks":9,"cobblemon:oran_berry":21,"minecraft:azalea":12,"minecraft:furnace":13,"minecraft:spruce_pressure_plate":1,"minecraft:stick":53,"minecraft:torch":6,"minecraft:porkchop":9,"minecraft:golden_axe":1,"minecraft:diorite":5,"minecraft:honey_bottle":1,"minecraft:rotten_flesh":84,"minecraft:obsidian":15,"minecraft:cobblestone":189,"minecraft:cooked_beef":2,"minecraft:feather":3,"cobblemon:great_ball":1,"cobblemon:ultra_ball":38,"simpletms:tr_acrobatics":1,"minecraft:andesite":7,"minecraft:brown_wool":9,"megamons:raw_kangaskhanite":2,"minecraft:smoker":5,"minecraft:potato":373,"minecraft:flint":24,"minecraft:tuff":15,"megamons:anistarite_geode_block":72,"minecraft:dirt":1130,"minecraft:lantern":4,"minecraft:leather_boots":1,"securitycraft:reinforced_stone_button":16,"minecraft:bone":24,"minecraft:wheat_seeds":198,"securitycraft:reinforced_spruce_fence_gate":6,"cobblemon:black_apricorn":1,"minecraft:raw_gold":19,"cobblemon:thunder_stone":1,"minecraft:rabbit":3,"minecraft:glowstone_dust":93,"minecraft:bamboo":3,"minecraft:moss_block":70,"minecraft:oak_planks":76,"cobblemon:sun_stone":2,"scguns:shotgun_shell":64,"minecraft:cooked_porkchop":3,"patchouli:guide_book":3,"minecraft:poisonous_potato":1,"cobblemon:fire_stone":1,"minecraft:sand":235,"minecraft:stripped_spruce_log":1,"minecraft:dark_oak_log":415,"minecraft:barrel":6,"cobblemon:healing_machine":2,"minecraft:spruce_fence_gate":8,"minecraft:sugar":2,"minecraft:diamond":29,"minecraft:spruce_boat":3,"cobblemon:poke_ball":3,"shroom_dealers:viney_lasso":1,"minecraft:bone_meal":22,"minecraft:grass":7,"minecraft:white_concrete":745,"cobblemon:ice_stone":1,"minecraft:bread":29,"minecraft:rooted_dirt":3,"cobblemon:medicinal_leek":32,"minecraft:oak_sapling":29,"minecraft:netherrack":457,"minecraft:dark_oak_fence":91,"scguns:callwell":1,"minecraft:oak_leaves":402,"cobblemon:x_special_defence":1,"minecraft:coarse_dirt":10,"minecraft:crafting_table":10,"minecraft:azure_bluet":9,"minecraft:chicken":2,"cobblemon:yellow_apricorn":5,"minecraft:brown_mushroom":6,"securitycraft:reinforced_glass_pane":64,"minecraft:cornflower":2,"minecraft:iron_axe":1,"scguns:small_copper_casing":13,"cobblemon:white_apricorn":9,"minecraft:iron_shovel":1,"minecraft:beef":30,"scguns:ancient_brass":9,"minecraft:iron_nugget":5,"minecraft:poppy":30,"cobblemon:dusk_stone":1,"minecraft:sugar_cane":30,"shroom_dealers:amethyst_deceiver":2,"minecraft:spruce_trapdoor":9,"minecraft:egg":1,"minecraft:dark_oak_sapling":42,"minecraft:raw_iron":181,"shroom_dealers:cooked_bay_bolete":2,"securitycraft:reinforced_cobblestone":14,"minecraft:bowl":1,"cobblemon:vivichoke_seeds":5,"minecraft:carrot":3,"minecraft:redstone":320,"minecraft:prismarine_crystals":40,"minecraft:arrow":14,"minecraft:hay_block":15,"minecraft:mutton":11,"cobblemon:blue_apricorn":100,"minecraft:white_wool":8,"minecraft:oxeye_daisy":1,"minecraft:clock":1,"minecraft:salmon":1,"minecraft:leather":23,"minecraft:red_mushroom":1,"minecraft:filled_map":1,"minecraft:oak_log":80,"cobblemon:medicinal_brew":1,"minecraft:ancient_debris":4,"minecraft:cobblestone_wall":4,"minecraft:gunpowder":6,"minecraft:paper":15,"scguns:anthralite_nugget":4,"minecraft:cooked_mutton":18,"minecraft:apple":4,"minecraft:stone_bricks":1,"minecraft:rabbit_hide":3,"minecraft:iron_ingot":11,"minecraft:glass_bottle":2,"minecraft:flowering_azalea":36,"minecraft:book":6,"cobblemon:red_apricorn_seed":7,"scguns:geothermal_vent":2,"minecraft:warped_fungus":1,"minecraft:sweet_berries":25,"cobblemon:black_apricorn_seed":9,"minecraft:quartz":7,"minecraft:dandelion":4,"cobblemon:blue_apricorn_seed":15,"minecraft:raw_iron_block":2,"minecraft:gravel":131,"minecraft:spruce_sapling":21,"minecraft:white_bed":6,"securitycraft:reinforced_iron_block":6,"minecraft:spruce_log":57,"minecraft:spruce_door":16,"minecraft:spider_eye":2,"travelersbackpack:standard":3,"minecraft:white_concrete_powder":18,"minecraft:diamond_axe":1,"cobblemon:silk_scarf":1,"minecraft:red_concrete":31,"minecraft:stripped_dark_oak_log":143,"minecraft:coal":53,"minecraft:hopper":3},"minecraft:crafted":{"minecraft:oak_planks":312,"minecraft:cooked_chicken":2,"minecraft:stone":16,"minecraft:diamond_shovel":1,"securitycraft:keypad_item":2,"minecraft:bookshelf":2,"minecraft:heavy_weighted_pressure_plate":2,"minecraft:cooked_mutton":9,"securitycraft:laser_block":1,"minecraft:glass":113,"minecraft:bow":2,"minecraft:iron_boots":2,"minecraft:chest":4,"minecraft:cooked_rabbit":2,"minecraft:golden_axe":1,"travelersbackpack:iron_tier_upgrade":1,"minecraft:cooked_porkchop":8,"minecraft:diamond_axe":1,"minecraft:crafting_table":6,"minecraft:spruce_planks":136,"travelersbackpack:standard":2,"minecraft:baked_potato":177,"minecraft:wooden_pickaxe":1,"minecraft:iron_helmet":1,"minecraft:spruce_door":6,"minecraft:smithing_table":1,"minecraft:red_wool":3,"travelersbackpack:red_sleeping_bag":1,"minecraft:iron_chestplate":2,"minecraft:paper":3,"minecraft:charcoal":249,"minecraft:diamond_pickaxe":1,"naturescompass:naturescompass":1,"minecraft:stick":52,"minecraft:iron_ingot":169,"minecraft:compass":1,"minecraft:iron_pickaxe":1,"minecraft:iron_block":6,"minecraft:stone_sword":2,"minecraft:gold_ingot":18,"minecraft:redstone_torch":3,"minecraft:spruce_fence_gate":6,"minecraft:shears":3,"securitycraft:universal_block_reinforcer_lvl1":1,"cobblemon:exp_share":1,"minecraft:redstone":18,"minecraft:raw_iron":18,"minecraft:stone_shovel":3,"securitycraft:sentry":2,"minecraft:iron_nugget":18,"minecraft:furnace":3,"minecraft:stone_button":16,"minecraft:dark_oak_trapdoor":102,"minecraft:bone_meal":156,"travelersbackpack:blank_upgrade":4,"travelersbackpack:gold_tier_upgrade":1,"minecraft:glass_pane":112,"minecraft:lantern":2,"minecraft:white_concrete_powder":152,"minecraft:iron_axe":3,"minecraft:iron_hoe":1,"minecraft:stone_pickaxe":1,"minecraft:spruce_boat":1,"minecraft:redstone_block":34,"minecraft:dark_oak_planks":376,"minecraft:wheat":128,"minecraft:cooked_beef":30,"securitycraft:portable_radar":2,"minecraft:red_dye":3,"securitycraft:reinforced_dispenser":2,"travelersbackpack:backpack_tank":4,"minecraft:iron_sword":1,"minecraft:bucket":1,"minecraft:glowstone":20,"minecraft:bread":46,"minecraft:air":0,"securitycraft:remote_access_sentry":1,"minecraft:white_dye":19,"minecraft:oak_stairs":12,"minecraft:iron_shovel":2,"minecraft:iron_leggings":1,"minecraft:torch":4,"cobblemon:great_ball":84}},"DataVersion":3465}