{"stats":{"minecraft:broken":{"minecraft:wooden_pickaxe":1},"minecraft:used":{"minecraft:cooked_mutton":3,"minecraft:stone_sword":108,"minecraft:stone_pickaxe":95,"minecraft:wooden_pickaxe":59,"minecraft:rotten_flesh":6,"minecraft:iron_chestplate":1,"minecraft:crafting_table":5,"minecraft:tuff":5,"minecraft:spruce_log":2,"minecraft:diamond_pickaxe":2,"minecraft:iron_pickaxe":189,"minecraft:iron_boots":1,"minecraft:cobblestone":20,"minecraft:potion":1,"minecraft:furnace":5,"minecraft:cooked_porkchop":4,"minecraft:cobbled_deepslate":33,"minecraft:iron_leggings":1},"minecraft:killed":{"minecraft:witch":1,"cobblemon:pokemon":12,"minecraft:spider":3,"minecraft:creeper":1,"minecraft:skeleton":4,"minecraft:sheep":2,"minecraft:zombie":6,"minecraft:cow":1},"minecraft:dropped":{"minecraft:gravel":2,"minecraft:iron_ingot":3,"minecraft:cooked_beef":1,"minecraft:tnt":1,"minecraft:glass_bottle":2,"minecraft:poisonous_potato":1,"minecraft:feather":1,"minecraft:filled_map":1,"minecraft:rabbit_hide":1,"minecraft:dirt":44,"minecraft:diorite":5,"minecraft:andesite":3,"minecraft:spruce_pressure_plate":1,"minecraft:brown_wool":9,"minecraft:spider_eye":1,"minecraft:arrow":3,"minecraft:stone_pickaxe":1,"minecraft:sugar":2,"minecraft:paper":15,"minecraft:cooked_rabbit":1},"minecraft:mined":{"minecraft:tuff":8,"megamons:anistarite_geode_block":64,"minecraft:deepslate_diamond_ore":1,"megamons:kangaskhanite_crystal_ore":2,"minecraft:crafting_table":4,"minecraft:grass_block":2,"minecraft:cobblestone":2,"minecraft:spruce_leaves":13,"minecraft:diorite":6,"minecraft:amethyst_block":1,"minecraft:spawner":1,"minecraft:raw_iron_block":1,"minecraft:furnace":5,"minecraft:iron_ore":22,"minecraft:spruce_log":26,"minecraft:andesite":13,"minecraft:tnt":1,"cobblemon:persim_berry":1,"minecraft:coal_ore":3,"megamons:crystal_sun_stone_ore":2,"minecraft:deepslate_iron_ore":57,"minecraft:gravel":2,"minecraft:dirt":17,"minecraft:packed_ice":4,"minecraft:cobweb":6,"minecraft:stone":108,"minecraft:deepslate":38},"minecraft:crafted":{"minecraft:cooked_beef":1,"minecraft:raw_iron":9,"minecraft:cooked_porkchop":3,"minecraft:crafting_table":1,"minecraft:spruce_planks":104,"minecraft:cooked_chicken":1,"minecraft:wooden_pickaxe":1,"minecraft:furnace":1,"minecraft:cooked_mutton":7,"minecraft:air":0,"minecraft:iron_boots":1,"minecraft:iron_chestplate":1,"minecraft:diamond_pickaxe":1,"minecraft:stick":8,"minecraft:iron_ingot":54,"minecraft:iron_pickaxe":1,"minecraft:stone_pickaxe":1,"minecraft:stone_sword":1,"minecraft:iron_leggings":1,"minecraft:cooked_rabbit":1},"minecraft:picked_up":{"minecraft:crafting_table":4,"minecraft:feather":1,"minecraft:chicken":1,"minecraft:andesite":3,"minecraft:brown_wool":9,"minecraft:leather":3,"megamons:raw_kangaskhanite":2,"minecraft:potion":1,"minecraft:tuff":5,"megamons:anistarite_geode_block":64,"minecraft:dirt":44,"minecraft:string":14,"minecraft:paper":15,"minecraft:bone":3,"minecraft:cobbled_deepslate":33,"minecraft:rabbit_hide":1,"minecraft:spruce_planks":9,"minecraft:beef":1,"minecraft:rabbit":1,"minecraft:glass_bottle":1,"minecraft:furnace":5,"minecraft:spruce_pressure_plate":1,"minecraft:raw_iron":109,"cobblemon:sun_stone":2,"minecraft:stick":1,"minecraft:cooked_porkchop":1,"patchouli:guide_book":3,"minecraft:raw_iron_block":1,"minecraft:gravel":2,"minecraft:porkchop":5,"minecraft:spruce_sapling":4,"minecraft:diorite":5,"minecraft:spruce_log":28,"minecraft:spider_eye":1,"minecraft:arrow":3,"minecraft:sugar":2,"minecraft:rotten_flesh":9,"minecraft:diamond":2,"cobblemon:silk_scarf":1,"minecraft:mutton":7,"minecraft:coal":3,"minecraft:white_wool":5,"minecraft:cobblestone":110},"minecraft:killed_by":{"cobblemon:pokemon":2,"minecraft:player":2,"minecraft:skeleton":1,"minecraft:zombie":1},"minecraft:custom":{"minecraft:interact_with_furnace":56,"minecraft:mob_kills":32,"minecraft:interact_with_crafting_table":12,"minecraft:leave_game":2,"minecraft:time_since_death":6691,"minecraft:time_since_rest":6721,"minecraft:sprint_one_cm":264945,"minecraft:damage_taken":3113,"minecraft:walk_one_cm":183037,"minecraft:drop":26,"minecraft:damage_dealt":5105,"minecraft:swim_one_cm":25905,"minecraft:fly_one_cm":513016,"minecraft:player_kills":4,"minecraft:open_chest":4,"minecraft:crouch_one_cm":1049,"minecraft:play_time":96718,"minecraft:sneak_time":663,"minecraft:deaths":8,"minecraft:walk_under_water_one_cm":20567,"minecraft:jump":2056,"minecraft:walk_on_water_one_cm":34558,"minecraft:total_world_time":96718,"minecraft:fall_one_cm":48857}},"DataVersion":3465}