{"stats":{"minecraft:custom":{"minecraft:interact_with_crafting_table":179,"minecraft:open_barrel":75,"minecraft:leave_game":25,"minecraft:time_since_death":39109,"minecraft:play_time":1577279,"minecraft:deaths":102,"minecraft:jump":26313,"minecraft:interact_with_furnace":272,"minecraft:traded_with_villager":2,"minecraft:sleep_in_bed":33,"minecraft:damage_dealt":32328,"minecraft:interact_with_smoker":80,"minecraft:inspect_dispenser":2,"minecraft:interact_with_smithing_table":6,"minecraft:interact_with_anvil":2,"minecraft:inspect_hopper":1,"minecraft:sneak_time":17545,"minecraft:total_world_time":1577279,"minecraft:interact_with_stonecutter":1,"minecraft:time_since_rest":15772,"minecraft:swim_one_cm":212718,"minecraft:fly_one_cm":7124693,"minecraft:open_chest":155,"minecraft:fall_one_cm":629158,"minecraft:sprint_one_cm":4561722,"minecraft:drop":362,"minecraft:talked_to_villager":12,"minecraft:interact_with_brewingstand":1,"minecraft:walk_on_water_one_cm":280754,"minecraft:player_kills":24,"minecraft:crouch_one_cm":50303,"minecraft:mob_kills":230,"minecraft:climb_one_cm":626,"minecraft:walk_one_cm":3805320,"minecraft:walk_under_water_one_cm":130744,"minecraft:boat_one_cm":132570,"minecraft:damage_taken":46170,"minecraft:damage_absorbed":10},"minecraft:dropped":{"naturescompass:naturescompass":1,"minecraft:iron_sword":1,"cobblemon:pink_mint_seeds":2,"minecraft:cooked_beef":2,"shroom_dealers:cooked_bay_bolete":2,"cobblemon:red_apricorn_seed":2,"minecraft:glass_bottle":4,"travelersbackpack:iron_tier_upgrade":1,"cobblemon:exp_share":1,"minecraft:red_mushroom":1,"minecraft:dirt":109,"minecraft:grass":2,"minecraft:dark_oak_fence":9,"minecraft:gold_nugget":3,"cobblemon:great_ball":33,"minecraft:sugar":2,"minecraft:white_wool":7,"cobblemon:red_apricorn":2,"minecraft:sugar_cane":1,"minecraft:ancient_debris":4,"minecraft:iron_nugget":5,"minecraft:cobbled_deepslate":704,"minecraft:rotten_flesh":22,"minecraft:oak_planks":15,"minecraft:glowstone_dust":3,"cobblemon:black_apricorn_seed":5,"minecraft:azure_bluet":8,"cobblemon:white_apricorn_seed":1,"cobblemon:quick_claw":1,"minecraft:leather_boots":1,"scguns:large_brass_casing":2,"minecraft:enchanted_book":1,"minecraft:iron_ingot":13,"minecraft:wheat_seeds":54,"minecraft:clock":1,"minecraft:tnt":1,"minecraft:feather":5,"minecraft:cobblestone":3,"minecraft:book":2,"minecraft:ink_sac":2,"travelersbackpack:blank_upgrade":1,"minecraft:dried_kelp":37,"minecraft:oak_stairs":2,"minecraft:iron_shovel":3,"minecraft:paper":33,"minecraft:spruce_sapling":1,"minecraft:hanging_roots":8,"cobblemon:wepear_berry":27,"minecraft:netherite_ingot":1,"minecraft:bowl":2,"cobblemon:charti_berry":1,"minecraft:chicken":1,"minecraft:diamond_sword":1,"minecraft:shroomlight":2,"minecraft:diamond_pickaxe":1,"minecraft:spider_eye":3,"minecraft:bow":1,"scguns:small_brass_casing":1,"minecraft:magma_block":12,"minecraft:cooked_rabbit":1,"minecraft:black_wool":2,"minecraft:moss_block":21,"minecraft:brown_mushroom":6,"minecraft:diamond_axe":1,"minecraft:baked_potato":30,"cobblemon:blue_apricorn":13,"minecraft:lantern":1,"minecraft:leather":7,"minecraft:red_wool":1,"travelersbackpack:standard":3,"minecraft:flint":2,"minecraft:cracked_polished_blackstone_bricks":4,"minecraft:netherite_scrap":1,"minecraft:mutton":2,"minecraft:polished_blackstone_bricks":2,"scguns:small_copper_casing":17,"minecraft:gold_ingot":5,"minecraft:gravel":15,"minecraft:blackstone":6,"cobblemon:pink_mint_leaf":3,"minecraft:poppy":24,"minecraft:rabbit_hide":5,"minecraft:gunpowder":14,"minecraft:spruce_pressure_plate":1,"minecraft:basalt":2,"minecraft:arrow":19,"minecraft:quartz":21,"minecraft:oak_leaves":6,"minecraft:netherrack":735,"minecraft:bread":1,"minecraft:stripped_spruce_log":1,"minecraft:poisonous_potato":4,"minecraft:golden_axe":1,"minecraft:amethyst_block":2,"minecraft:acacia_log":1,"minecraft:stick":2,"minecraft:diorite":9,"minecraft:torch":2,"minecraft:white_concrete":29,"minecraft:brown_wool":9,"minecraft:iron_leggings":2,"minecraft:flowering_azalea":9,"minecraft:iron_axe":2,"minecraft:polished_basalt":2,"cobblemon:x_special_defence":1,"scguns:geothermal_vent":2,"minecraft:dandelion":1,"minecraft:smooth_basalt":1,"minecraft:redstone":27,"minecraft:red_concrete":31,"minecraft:tuff":66,"minecraft:raw_iron":1,"cobblemon:yellow_apricorn":8,"minecraft:iron_hoe":1,"megamons:anistarite_geode_block":8,"minecraft:filled_map":2,"cobblemon:chople_berry":1,"minecraft:andesite":25,"minecraft:oak_sapling":1,"minecraft:golden_sword":1,"minecraft:stone_pickaxe":1,"minecraft:calcite":1},"minecraft:broken":{"minecraft:shears":1,"minecraft:iron_boots":2,"minecraft:iron_chestplate":2,"minecraft:iron_leggings":1,"minecraft:golden_sword":2,"minecraft:diamond_pickaxe":1,"minecraft:iron_sword":1,"minecraft:stone_sword":1,"minecraft:wooden_pickaxe":1,"minecraft:iron_axe":2,"minecraft:iron_pickaxe":1,"minecraft:golden_helmet":1,"minecraft:iron_shovel":2,"minecraft:stone_shovel":3,"minecraft:golden_axe":1},"minecraft:killed_by":{"minecraft:piglin_brute":3,"minecraft:magma_cube":2,"minecraft:zombie":10,"scguns:swarm":1,"minecraft:warden":2,"shroom_dealers:swampy_gloop":1,"scguns:hornlin":2,"cobblemon:pokemon":29,"minecraft:creeper":1,"minecraft:player":21,"shroom_dealers:swampy_glooper":1,"minecraft:skeleton":10},"minecraft:mined":{"minecraft:dark_oak_planks":4,"cobblemon:pasture":1,"minecraft:white_bed":6,"minecraft:obsidian":11,"minecraft:deepslate_tile_stairs":1,"minecraft:hopper":3,"minecraft:oxeye_daisy":1,"minecraft:spawner":3,"minecraft:polished_blackstone_bricks":4,"minecraft:magma_block":6,"minecraft:dark_oak_trapdoor":3,"minecraft:fire":27,"minecraft:barrel":6,"minecraft:cobbled_deepslate":1,"minecraft:deepslate_lapis_ore":8,"minecraft:sculk_shrieker":7,"minecraft:cave_vines":1,"minecraft:dirt_path":8,"minecraft:oak_stairs":51,"minecraft:kelp_plant":46,"minecraft:smoker":4,"minecraft:amethyst_cluster":27,"minecraft:powder_snow":2,"minecraft:torch":3,"minecraft:sugar_cane":10,"minecraft:amethyst_block":3,"minecraft:warped_fungus":1,"minecraft:grass":1123,"minecraft:dark_oak_sapling":6,"minecraft:smooth_basalt":1,"minecraft:deepslate":696,"cobblemon:healing_machine":1,"minecraft:dark_oak_log":505,"minecraft:sea_lantern":8,"minecraft:dark_oak_fence":84,"minecraft:moss_block":30,"minecraft:kelp":5,"minecraft:redstone_ore":6,"minecraft:andesite":37,"minecraft:potatoes":278,"minecraft:bamboo":2,"minecraft:bone_block":33,"minecraft:glass_pane":8,"minecraft:dandelion":2,"minecraft:cornflower":1,"minecraft:tall_grass":184,"minecraft:deepslate_gold_ore":34,"cobblemon:oran_berry":29,"minecraft:diorite":14,"minecraft:warped_wart_block":1,"minecraft:coarse_dirt":8,"minecraft:cobblestone_wall":3,"minecraft:spruce_log":55,"megamons:crystal_sun_stone_ore":2,"minecraft:gravel":167,"minecraft:cobweb":6,"minecraft:spruce_fence_gate":8,"minecraft:stone_bricks":1,"minecraft:chipped_anvil":2,"minecraft:gold_ore":13,"minecraft:fern":3,"minecraft:infested_stone":1,"minecraft:oak_sapling":2,"minecraft:farmland":76,"minecraft:sculk_vein":3,"minecraft:spruce_trapdoor":9,"minecraft:grass_block":1365,"minecraft:cracked_polished_blackstone_bricks":2,"minecraft:white_concrete":780,"minecraft:raw_iron_block":2,"minecraft:glowstone":32,"minecraft:iron_ore":102,"minecraft:azure_bluet":2,"minecraft:dark_oak_stairs":27,"cobblemon:medicinal_leek":51,"minecraft:azalea":13,"scguns:geothermal_vent":2,"minecraft:deepslate_redstone_ore":141,"megamons:anistarite_geode_block":64,"minecraft:blackstone":7,"megamons:kangaskhanite_crystal_ore":2,"minecraft:calcite":1,"minecraft:poppy":10,"minecraft:mushroom_stem":9,"minecraft:nether_quartz_ore":46,"minecraft:cobblestone":22,"minecraft:oak_planks":75,"minecraft:wall_torch":2,"minecraft:dark_oak_door":2,"cobblemon:deepslate_thunder_stone_ore":1,"minecraft:tnt":1,"cobblemon:persim_berry":1,"minecraft:cracked_deepslate_tiles":1,"minecraft:oak_log":80,"minecraft:sand":237,"minecraft:dirt":205,"minecraft:netherrack":518,"minecraft:ancient_debris":5,"minecraft:oak_leaves":495,"minecraft:nether_gold_ore":14,"minecraft:tuff":74,"minecraft:dark_oak_leaves":6,"minecraft:deepslate_diamond_ore":131,"minecraft:spruce_leaves":23,"minecraft:rooted_dirt":8,"minecraft:large_fern":3,"minecraft:hay_block":14,"minecraft:spruce_sapling":2,"minecraft:furnace":14,"minecraft:carrots":3,"minecraft:polished_basalt":1,"minecraft:nether_sprouts":1,"cobblemon:pink_mint":1,"minecraft:stripped_spruce_log":1,"minecraft:gold_block":15,"minecraft:bookshelf":2,"minecraft:deepslate_iron_ore":116,"minecraft:lantern":1,"minecraft:packed_ice":5,"minecraft:stone":284,"minecraft:flowering_azalea":17,"minecraft:stripped_dark_oak_log":155,"minecraft:basalt":1,"minecraft:spruce_door":18,"minecraft:crafting_table":13,"minecraft:lapis_ore":5,"minecraft:red_concrete":31,"minecraft:polished_blackstone_brick_stairs":1,"minecraft:sculk":4,"minecraft:gray_wool":4,"minecraft:sea_pickle":1,"minecraft:sweet_berry_bush":1,"minecraft:ice":9,"shroom_dealers:good_vine_block":12,"minecraft:coal_ore":31,"cobblemon:blue_apricorn_sapling":1},"minecraft:killed":{"scguns:swarm":4,"minecraft:skeleton":13,"scguns:cog_knight":1,"minecraft:magma_cube":29,"minecraft:zombie":69,"minecraft:cow":11,"scguns:cog_minion":2,"minecraft:witch":1,"minecraft:spider":15,"minecraft:silverfish":1,"minecraft:piglin":5,"minecraft:zombie_villager":1,"minecraft:creeper":11,"minecraft:sheep":6,"minecraft:phantom":2,"minecraft:drowned":3,"cobblemon:pokemon":21,"minecraft:squid":3,"scguns:hive":2},"minecraft:used":{"minecraft:moss_block":9,"minecraft:poppy":3,"minecraft:chest":4,"minecraft:rotten_flesh":73,"securitycraft:keypad_item":2,"minecraft:azure_bluet":2,"minecraft:spruce_boat":4,"minecraft:sweet_berries":38,"minecraft:furnace":14,"minecraft:oak_sapling":24,"minecraft:cooked_cod":8,"minecraft:egg":1,"minecraft:potato":372,"minecraft:spruce_door":21,"minecraft:wooden_pickaxe":59,"minecraft:oak_leaves":377,"securitycraft:reinforced_glass_pane":72,"minecraft:golden_apple":1,"minecraft:dark_oak_trapdoor":103,"securitycraft:reinforced_spruce_fence_gate":6,"securitycraft:universal_block_remover":2,"minecraft:diamond_sword":4,"cobblemon:red_apricorn_seed":1,"minecraft:smithing_table":1,"minecraft:dark_oak_fence":43,"securitycraft:whitelist_module":1,"minecraft:stone_sword":131,"minecraft:cooked_salmon":2,"minecraft:netherrack":130,"minecraft:torch":8,"cobblemon:pasture":1,"shroom_dealers:champignon_grilled_cheese_bread":1,"securitycraft:reinforced_dirt":4,"minecraft:flowering_azalea":8,"minecraft:chipped_anvil":2,"minecraft:iron_axe":558,"minecraft:rooted_dirt":9,"minecraft:barrel":6,"minecraft:bamboo":2,"minecraft:glowstone":13,"minecraft:beef":1,"minecraft:cobbled_deepslate":58,"minecraft:golden_axe":29,"minecraft:wheat_seeds":137,"minecraft:water_bucket":37,"minecraft:rabbit":1,"minecraft:spruce_fence_gate":8,"minecraft:polished_blackstone_bricks":16,"minecraft:salmon":1,"minecraft:crafting_table":19,"minecraft:white_bed":7,"minecraft:spruce_log":4,"cobblemon:healing_machine":2,"minecraft:oak_log":2,"minecraft:diamond_pickaxe":3069,"minecraft:cornflower":2,"minecraft:oxeye_daisy":1,"minecraft:diamond_shovel":473,"cobblemon:oran_berry":9,"minecraft:suspicious_stew":1,"minecraft:iron_pickaxe":217,"cobblemon:blue_apricorn":3,"minecraft:spruce_trapdoor":9,"minecraft:spruce_sapling":14,"shroom_dealers:cooked_bay_bolete":1,"minecraft:cobblestone":76,"minecraft:potion":1,"travelersbackpack:standard":70,"minecraft:cooked_porkchop":17,"minecraft:glass_pane":32,"shroom_dealers:amethyst_deceiver":2,"minecraft:dandelion":3,"cobblemon:blue_apricorn_seed":5,"minecraft:iron_shovel":862,"minecraft:white_concrete_powder":170,"minecraft:iron_sword":414,"minecraft:grass":5,"minecraft:iron_chestplate":1,"minecraft:mutton":8,"minecraft:carrot":41,"minecraft:tuff":5,"minecraft:obsidian":12,"minecraft:honey_bottle":2,"minecraft:lantern":5,"minecraft:stone_bricks":1,"minecraft:golden_sword":44,"minecraft:dark_oak_sapling":59,"minecraft:dark_oak_stairs":54,"minecraft:stone_pickaxe":95,"minecraft:oak_planks":325,"scguns:callwell":160,"minecraft:diamond_axe":692,"minecraft:shears":418,"minecraft:dark_oak_log":158,"minecraft:bread":74,"minecraft:gravel":12,"cobblemon:medicinal_leek":9,"minecraft:cooked_rabbit":1,"minecraft:andesite":1,"minecraft:white_concrete":777,"minecraft:coarse_dirt":15,"minecraft:bone_meal":168,"minecraft:azalea":12,"minecraft:stone_shovel":423,"minecraft:cooked_chicken":2,"minecraft:dirt":1654,"minecraft:hopper":3,"minecraft:cobblestone_wall":4,"minecraft:iron_hoe":93,"minecraft:dark_oak_planks":4,"minecraft:bookshelf":2,"minecraft:oak_stairs":62,"minecraft:polished_blackstone_brick_stairs":1,"minecraft:iron_boots":1,"securitycraft:remote_access_sentry":1,"securitycraft:sentry":6,"minecraft:cooked_beef":32,"minecraft:iron_leggings":1,"minecraft:cooked_mutton":27,"minecraft:baked_potato":126,"minecraft:stripped_dark_oak_log":102,"minecraft:smoker":5,"minecraft:dark_oak_door":6,"minecraft:apple":5,"minecraft:chicken":3,"minecraft:bucket":39,"minecraft:sea_pickle":4},"minecraft:picked_up":{"cobblemon:remedy":1,"cobblemon:timer_ball":1,"minecraft:diamond_sword":1,"minecraft:oak_stairs":52,"minecraft:golden_sword":2,"minecraft:amethyst_block":2,"minecraft:dark_oak_trapdoor":3,"minecraft:polished_blackstone_brick_stairs":1,"minecraft:string":35,"securitycraft:reinforced_dirt":4,"minecraft:shroomlight":2,"minecraft:gold_nugget":60,"minecraft:cobbled_deepslate":767,"cobblemon:exp_candy_s":32,"cobblemon:white_apricorn_seed":1,"minecraft:spruce_planks":9,"cobblemon:oran_berry":78,"minecraft:dark_oak_door":2,"minecraft:spruce_pressure_plate":1,"minecraft:acacia_log":1,"minecraft:golden_axe":1,"minecraft:honey_bottle":2,"minecraft:polished_basalt":2,"minecraft:blaze_rod":1,"minecraft:magma_block":12,"minecraft:feather":5,"minecraft:cooked_beef":3,"minecraft:brown_wool":9,"scguns:small_brass_casing":1,"minecraft:smoker":5,"minecraft:flint":25,"minecraft:lantern":4,"securitycraft:reinforced_stone_button":16,"minecraft:chipped_anvil":2,"minecraft:rabbit":8,"minecraft:glowstone_dust":96,"minecraft:moss_block":70,"cobblemon:sun_stone":2,"patchouli:guide_book":3,"minecraft:stripped_spruce_log":1,"minecraft:ink_sac":6,"minecraft:dark_oak_log":523,"minecraft:barrel":6,"minecraft:bread":29,"minecraft:rooted_dirt":9,"minecraft:dark_oak_fence":96,"megamons:cut_gyaradosite":1,"minecraft:diamond_pickaxe":1,"minecraft:crafting_table":13,"minecraft:coarse_dirt":15,"cobblemon:yellow_apricorn":13,"minecraft:cornflower":2,"scguns:small_copper_casing":38,"minecraft:iron_shovel":1,"minecraft:beef":32,"scguns:ancient_brass":13,"minecraft:iron_nugget":5,"minecraft:poppy":30,"shroom_dealers:amethyst_deceiver":2,"minecraft:egg":1,"shroom_dealers:cooked_bay_bolete":2,"securitycraft:reinforced_cobblestone":14,"minecraft:carrot":4,"minecraft:redstone":663,"minecraft:prismarine_crystals":40,"cobblemon:pink_mint_leaf":3,"minecraft:hay_block":15,"minecraft:totem_of_undying":1,"minecraft:mutton":25,"cobblemon:blue_apricorn":100,"minecraft:bone_block":32,"minecraft:white_wool":20,"minecraft:oxeye_daisy":1,"minecraft:clock":1,"minecraft:red_mushroom":1,"minecraft:filled_map":1,"minecraft:oak_log":80,"cobblemon:medicinal_brew":1,"minecraft:ancient_debris":6,"scguns:large_brass_casing":2,"minecraft:paper":15,"minecraft:apple":6,"minecraft:stone_bricks":1,"minecraft:kelp":218,"minecraft:glass_bottle":2,"minecraft:flowering_azalea":36,"minecraft:dark_oak_stairs":30,"cobblemon:red_apricorn_seed":7,"minecraft:smooth_basalt":1,"minecraft:sweet_berries":25,"cobblemon:blue_apricorn_seed":15,"minecraft:gravel":138,"minecraft:spruce_sapling":21,"minecraft:spruce_log":57,"travelersbackpack:standard":3,"minecraft:diamond_axe":1,"cobblemon:pasture":1,"cobblemon:silk_scarf":1,"minecraft:stripped_dark_oak_log":147,"minecraft:hopper":3,"minecraft:ender_pearl":1,"minecraft:wheat":7,"cobblemon:red_apricorn":56,"cobblemon:charti_berry":1,"minecraft:potion":1,"cobblemon:wepear_berry":27,"minecraft:raw_copper":34,"minecraft:sea_pickle":4,"minecraft:calcite":1,"minecraft:azalea":12,"minecraft:furnace":13,"minecraft:stick":59,"minecraft:torch":8,"minecraft:porkchop":12,"minecraft:dried_kelp":37,"minecraft:diorite":9,"minecraft:rotten_flesh":104,"minecraft:obsidian":15,"minecraft:cobblestone":308,"cobblemon:great_ball":4,"cobblemon:ultra_ball":39,"minecraft:andesite":28,"simpletms:tr_acrobatics":1,"megamons:raw_kangaskhanite":2,"minecraft:potato":976,"minecraft:tuff":71,"minecraft:dirt":1881,"megamons:anistarite_geode_block":72,"minecraft:lapis_lazuli":83,"securitycraft:sentry":4,"minecraft:leather_boots":1,"minecraft:bone":32,"minecraft:wheat_seeds":229,"minecraft:bow":1,"securitycraft:reinforced_spruce_fence_gate":6,"cobblemon:black_apricorn":1,"minecraft:raw_gold":47,"cobblemon:thunder_stone":1,"minecraft:bamboo":5,"minecraft:oak_planks":90,"scguns:shotgun_shell":808,"minecraft:cooked_porkchop":3,"minecraft:poisonous_potato":4,"cobblemon:fire_stone":1,"minecraft:sand":235,"megamons:raw_gengarite":1,"cobblemon:healing_machine":2,"minecraft:spruce_fence_gate":8,"minecraft:sugar":2,"minecraft:spruce_boat":3,"cobblemon:poke_ball":3,"minecraft:diamond":132,"minecraft:cracked_polished_blackstone_bricks":4,"shroom_dealers:viney_lasso":1,"minecraft:bone_meal":22,"minecraft:grass":7,"cobblemon:ice_stone":1,"minecraft:white_concrete":806,"minecraft:oak_sapling":30,"minecraft:emerald":65,"cobblemon:medicinal_leek":106,"minecraft:netherrack":928,"scguns:callwell":1,"minecraft:oak_leaves":403,"cobblemon:x_special_defence":1,"minecraft:azure_bluet":12,"minecraft:chicken":6,"minecraft:brown_mushroom":6,"minecraft:gold_block":14,"securitycraft:reinforced_glass_pane":72,"minecraft:iron_axe":1,"cobblemon:white_apricorn":9,"minecraft:blackstone":6,"cobblemon:dusk_stone":1,"cobblemon:leftovers":1,"minecraft:sugar_cane":30,"minecraft:spruce_trapdoor":9,"cobblemon:chople_berry":1,"minecraft:dark_oak_sapling":59,"minecraft:raw_iron":251,"minecraft:bowl":1,"minecraft:polished_blackstone_bricks":18,"cobblemon:vivichoke_seeds":5,"minecraft:dark_oak_planks":4,"minecraft:arrow":20,"cobblemon:revive":64,"megamons:cut_charizarditey":1,"minecraft:basalt":17,"minecraft:salmon":1,"minecraft:leather":25,"minecraft:gunpowder":10,"minecraft:cobblestone_wall":4,"scguns:anthralite_nugget":7,"minecraft:cooked_mutton":18,"cobblemon:exp_share":1,"minecraft:rabbit_hide":5,"minecraft:iron_ingot":11,"cobblemon:pink_mint_seeds":2,"minecraft:book":10,"minecraft:warped_fungus":1,"scguns:geothermal_vent":2,"cobblemon:black_apricorn_seed":9,"minecraft:quartz":67,"minecraft:dandelion":4,"minecraft:raw_iron_block":2,"minecraft:amethyst_shard":108,"securitycraft:reinforced_iron_block":6,"minecraft:white_bed":7,"minecraft:spruce_door":19,"minecraft:spider_eye":4,"minecraft:white_concrete_powder":18,"minecraft:red_concrete":31,"minecraft:coal":53},"minecraft:crafted":{"minecraft:black_dye":4,"securitycraft:keypad_item":2,"minecraft:diamond_shovel":1,"minecraft:bookshelf":2,"minecraft:cooked_mutton":11,"minecraft:glass":113,"minecraft:diamond_leggings":1,"minecraft:black_wool":4,"minecraft:cooked_rabbit":7,"minecraft:golden_axe":1,"minecraft:cooked_porkchop":11,"minecraft:diamond_axe":1,"travelersbackpack:standard":2,"minecraft:spruce_door":6,"minecraft:smithing_table":1,"travelersbackpack:red_sleeping_bag":1,"naturescompass:naturescompass":1,"minecraft:compass":1,"minecraft:iron_pickaxe":1,"minecraft:iron_block":9,"minecraft:gold_ingot":52,"securitycraft:whitelist_module":1,"minecraft:netherite_ingot":2,"minecraft:spruce_fence_gate":6,"cobblemon:exp_share":1,"minecraft:stone_shovel":3,"minecraft:iron_nugget":18,"cobblemon:black_belt":1,"megamons:cut_gengarite":1,"minecraft:bone_meal":165,"travelersbackpack:blank_upgrade":4,"travelersbackpack:gold_tier_upgrade":1,"minecraft:lantern":2,"minecraft:diamond":117,"megamons:mega_cuff":1,"minecraft:stone_pickaxe":1,"minecraft:diamond_boots":1,"minecraft:spruce_boat":1,"minecraft:redstone_block":72,"minecraft:dark_oak_planks":436,"minecraft:wheat":128,"securitycraft:portable_radar":2,"securitycraft:reinforced_dispenser":2,"minecraft:dried_kelp":44,"minecraft:glowstone":20,"minecraft:enchanted_book":2,"securitycraft:remote_access_sentry":1,"minecraft:oak_stairs":12,"minecraft:iron_shovel":5,"minecraft:iron_leggings":2,"minecraft:oak_planks":312,"minecraft:cooked_chicken":2,"minecraft:stone":16,"minecraft:heavy_weighted_pressure_plate":2,"securitycraft:laser_block":1,"minecraft:dark_oak_door":6,"minecraft:bow":2,"minecraft:iron_boots":3,"minecraft:chest":6,"travelersbackpack:iron_tier_upgrade":1,"minecraft:crafting_table":7,"minecraft:spruce_planks":136,"minecraft:wooden_pickaxe":1,"minecraft:baked_potato":343,"minecraft:iron_helmet":1,"megamons:key_stone":1,"minecraft:red_wool":3,"minecraft:gold_block":4,"minecraft:iron_chestplate":3,"minecraft:paper":3,"minecraft:charcoal":249,"minecraft:diamond_pickaxe":2,"minecraft:stick":60,"minecraft:iron_ingot":242,"minecraft:stone_sword":2,"minecraft:redstone_torch":3,"minecraft:shears":3,"securitycraft:universal_block_reinforcer_lvl1":1,"minecraft:redstone":63,"minecraft:raw_iron":18,"securitycraft:sentry":2,"minecraft:furnace":3,"minecraft:stone_button":16,"minecraft:dark_oak_trapdoor":102,"minecraft:diamond_block":13,"minecraft:glass_pane":112,"minecraft:white_concrete_powder":152,"minecraft:iron_axe":3,"minecraft:iron_hoe":1,"minecraft:netherite_scrap":14,"minecraft:cooked_beef":31,"minecraft:red_dye":3,"minecraft:diamond_sword":1,"minecraft:dark_oak_stairs":24,"travelersbackpack:backpack_tank":4,"minecraft:iron_sword":1,"minecraft:bucket":1,"minecraft:air":0,"minecraft:bread":46,"minecraft:white_dye":19,"minecraft:torch":4,"cobblemon:great_ball":84,"minecraft:diamond_chestplate":1}},"DataVersion":3465}