{"stats":{"minecraft:killed_by":{"cobblemon:pokemon":4,"minecraft:creeper":1,"minecraft:zombie":6,"minecraft:player":7,"shroom_dealers:swampy_glooper":1,"minecraft:warden":2,"minecraft:skeleton":5},"minecraft:dropped":{"minecraft:brown_mushroom":6,"minecraft:cooked_beef":1,"shroom_dealers:cooked_bay_bolete":2,"minecraft:glass_bottle":3,"minecraft:red_wool":1,"minecraft:red_mushroom":1,"minecraft:dirt":44,"minecraft:sugar":2,"minecraft:white_wool":2,"minecraft:gravel":2,"minecraft:iron_nugget":5,"minecraft:cobbled_deepslate":2,"minecraft:rotten_flesh":12,"minecraft:azure_bluet":4,"minecraft:poppy":24,"minecraft:rabbit_hide":3,"minecraft:gunpowder":1,"minecraft:spruce_pressure_plate":1,"minecraft:leather_boots":1,"minecraft:arrow":8,"minecraft:iron_ingot":3,"minecraft:bread":1,"minecraft:stripped_spruce_log":1,"minecraft:wheat_seeds":16,"minecraft:clock":1,"minecraft:tnt":1,"minecraft:poisonous_potato":1,"minecraft:feather":1,"minecraft:cobblestone":3,"minecraft:stick":1,"minecraft:diorite":5,"minecraft:torch":2,"minecraft:white_concrete":29,"minecraft:brown_wool":9,"minecraft:iron_leggings":2,"minecraft:oak_stairs":1,"minecraft:iron_axe":1,"minecraft:paper":30,"minecraft:iron_shovel":1,"cobblemon:x_special_defence":1,"minecraft:spruce_sapling":1,"minecraft:bowl":2,"minecraft:filled_map":1,"minecraft:shroomlight":2,"minecraft:andesite":3,"minecraft:spider_eye":1,"minecraft:stone_pickaxe":1,"minecraft:cooked_rabbit":1},"minecraft:used":{"minecraft:moss_block":9,"minecraft:iron_shovel":268,"minecraft:poppy":3,"minecraft:white_concrete_powder":98,"minecraft:iron_sword":133,"minecraft:grass":5,"minecraft:rotten_flesh":27,"minecraft:iron_chestplate":1,"minecraft:carrot":38,"minecraft:tuff":5,"minecraft:spruce_boat":4,"minecraft:golden_sword":39,"minecraft:sweet_berries":26,"minecraft:furnace":11,"minecraft:oak_sapling":17,"minecraft:cooked_cod":4,"minecraft:egg":1,"minecraft:spruce_door":4,"minecraft:stone_pickaxe":95,"minecraft:oak_planks":218,"minecraft:wooden_pickaxe":59,"minecraft:oak_leaves":220,"minecraft:shears":234,"minecraft:bread":33,"cobblemon:red_apricorn_seed":1,"minecraft:dark_oak_fence":19,"minecraft:white_concrete":336,"minecraft:coarse_dirt":4,"minecraft:bone_meal":117,"minecraft:azalea":12,"minecraft:stone_sword":125,"minecraft:stone_shovel":423,"minecraft:cooked_chicken":1,"minecraft:torch":3,"minecraft:dirt":477,"shroom_dealers:champignon_grilled_cheese_bread":1,"minecraft:flowering_azalea":7,"minecraft:bookshelf":1,"minecraft:iron_axe":287,"minecraft:rooted_dirt":3,"minecraft:iron_boots":1,"minecraft:barrel":3,"minecraft:cobbled_deepslate":33,"minecraft:iron_leggings":1,"minecraft:wheat_seeds":137,"minecraft:cooked_mutton":7,"minecraft:water_bucket":1,"minecraft:salmon":1,"minecraft:stripped_dark_oak_log":73,"minecraft:crafting_table":13,"minecraft:white_bed":2,"minecraft:smoker":3,"minecraft:spruce_log":4,"minecraft:oak_log":2,"minecraft:diamond_pickaxe":477,"minecraft:cornflower":2,"minecraft:apple":1,"minecraft:oxeye_daisy":1,"minecraft:suspicious_stew":1,"minecraft:iron_pickaxe":217,"cobblemon:blue_apricorn":3,"minecraft:spruce_trapdoor":5,"minecraft:spruce_sapling":8,"shroom_dealers:cooked_bay_bolete":1,"minecraft:cobblestone":28,"minecraft:potion":1,"travelersbackpack:standard":11,"minecraft:cooked_porkchop":5,"minecraft:bucket":2,"minecraft:sea_pickle":2,"shroom_dealers:amethyst_deceiver":2,"minecraft:dandelion":3,"cobblemon:blue_apricorn_seed":5},"minecraft:crafted":{"minecraft:oak_planks":212,"minecraft:cooked_chicken":1,"minecraft:bookshelf":1,"minecraft:cooked_mutton":7,"minecraft:glass":22,"minecraft:iron_boots":1,"minecraft:chest":1,"minecraft:cooked_rabbit":1,"minecraft:cooked_porkchop":4,"minecraft:crafting_table":6,"minecraft:spruce_planks":104,"minecraft:wooden_pickaxe":1,"travelersbackpack:standard":1,"minecraft:red_wool":3,"travelersbackpack:red_sleeping_bag":1,"minecraft:iron_chestplate":1,"minecraft:diamond_pickaxe":1,"naturescompass:naturescompass":1,"minecraft:stick":24,"minecraft:compass":1,"minecraft:iron_ingot":110,"minecraft:iron_pickaxe":1,"minecraft:stone_sword":1,"minecraft:shears":1,"minecraft:raw_iron":9,"minecraft:stone_shovel":3,"minecraft:furnace":2,"minecraft:bone_meal":105,"minecraft:white_concrete_powder":80,"minecraft:iron_axe":2,"minecraft:stone_pickaxe":1,"minecraft:spruce_boat":1,"minecraft:wheat":128,"minecraft:cooked_beef":1,"minecraft:red_dye":3,"travelersbackpack:backpack_tank":3,"minecraft:iron_sword":1,"minecraft:bucket":1,"minecraft:bread":45,"minecraft:air":0,"minecraft:white_dye":10,"minecraft:iron_shovel":2,"minecraft:iron_leggings":1},"minecraft:mined":{"minecraft:white_bed":2,"minecraft:spruce_trapdoor":5,"minecraft:grass_block":439,"minecraft:white_concrete":345,"minecraft:deepslate_tile_stairs":1,"minecraft:oxeye_daisy":1,"minecraft:spawner":2,"minecraft:raw_iron_block":1,"minecraft:iron_ore":32,"minecraft:barrel":3,"minecraft:azure_bluet":2,"cobblemon:medicinal_leek":3,"minecraft:sculk_shrieker":5,"minecraft:dirt_path":4,"minecraft:azalea":12,"megamons:anistarite_geode_block":64,"minecraft:smoker":3,"megamons:kangaskhanite_crystal_ore":2,"minecraft:torch":2,"minecraft:poppy":10,"minecraft:mushroom_stem":9,"minecraft:cobblestone":2,"minecraft:oak_planks":24,"minecraft:wall_torch":1,"minecraft:amethyst_block":1,"minecraft:tnt":1,"cobblemon:persim_berry":1,"minecraft:grass":986,"minecraft:cracked_deepslate_tiles":1,"minecraft:oak_log":55,"minecraft:sand":94,"minecraft:dirt":79,"minecraft:oak_leaves":290,"minecraft:deepslate":40,"minecraft:tuff":8,"minecraft:deepslate_diamond_ore":2,"minecraft:sea_lantern":8,"minecraft:dark_oak_fence":25,"minecraft:spruce_leaves":23,"minecraft:moss_block":29,"minecraft:rooted_dirt":3,"minecraft:large_fern":3,"minecraft:hay_block":14,"minecraft:furnace":11,"minecraft:andesite":13,"minecraft:stripped_spruce_log":1,"minecraft:bookshelf":1,"minecraft:deepslate_iron_ore":76,"minecraft:packed_ice":4,"minecraft:stone":111,"minecraft:flowering_azalea":15,"minecraft:stripped_dark_oak_log":73,"minecraft:spruce_door":4,"minecraft:dandelion":2,"minecraft:crafting_table":7,"minecraft:cornflower":1,"minecraft:tall_grass":162,"minecraft:red_concrete":31,"cobblemon:oran_berry":4,"minecraft:diorite":6,"minecraft:gray_wool":4,"minecraft:coarse_dirt":4,"minecraft:sea_pickle":1,"minecraft:ice":9,"minecraft:spruce_log":41,"minecraft:coal_ore":31,"megamons:crystal_sun_stone_ore":2,"minecraft:gravel":88,"minecraft:cobweb":6,"cobblemon:blue_apricorn_sapling":1,"minecraft:fern":3},"minecraft:custom":{"minecraft:interact_with_crafting_table":51,"minecraft:open_barrel":10,"minecraft:leave_game":4,"minecraft:time_since_death":38059,"minecraft:sprint_one_cm":1211118,"minecraft:drop":87,"minecraft:play_time":400440,"minecraft:deaths":28,"minecraft:jump":9219,"minecraft:walk_on_water_one_cm":130679,"minecraft:interact_with_furnace":95,"minecraft:sleep_in_bed":12,"minecraft:damage_dealt":18082,"minecraft:player_kills":9,"minecraft:crouch_one_cm":31192,"minecraft:inspect_dispenser":2,"minecraft:mob_kills":95,"minecraft:climb_one_cm":222,"minecraft:walk_one_cm":1047236,"minecraft:sneak_time":8624,"minecraft:walk_under_water_one_cm":55091,"minecraft:boat_one_cm":132570,"minecraft:total_world_time":400440,"minecraft:time_since_rest":2967,"minecraft:damage_taken":10833,"minecraft:swim_one_cm":113768,"minecraft:fly_one_cm":2575558,"minecraft:open_chest":26,"minecraft:fall_one_cm":208431},"minecraft:killed":{"minecraft:witch":1,"minecraft:spider":6,"minecraft:skeleton":9,"minecraft:zombie_villager":1,"minecraft:creeper":4,"minecraft:sheep":2,"minecraft:zombie":37,"minecraft:cow":11,"minecraft:drowned":1,"cobblemon:pokemon":18},"minecraft:picked_up":{"minecraft:wheat":7,"cobblemon:red_apricorn":47,"minecraft:oak_stairs":1,"minecraft:potion":1,"cobblemon:wepear_berry":27,"minecraft:string":19,"minecraft:shroomlight":2,"minecraft:sea_pickle":2,"minecraft:cobbled_deepslate":40,"minecraft:spruce_planks":9,"cobblemon:oran_berry":16,"minecraft:azalea":12,"minecraft:furnace":10,"minecraft:spruce_pressure_plate":1,"minecraft:stick":23,"minecraft:torch":5,"minecraft:porkchop":5,"minecraft:diorite":5,"minecraft:rotten_flesh":43,"minecraft:cobblestone":119,"minecraft:feather":1,"minecraft:andesite":3,"minecraft:brown_wool":9,"megamons:raw_kangaskhanite":2,"minecraft:smoker":3,"minecraft:flint":15,"minecraft:tuff":5,"megamons:anistarite_geode_block":64,"minecraft:dirt":597,"minecraft:leather_boots":1,"minecraft:bone":14,"minecraft:wheat_seeds":153,"minecraft:rabbit":1,"minecraft:moss_block":29,"minecraft:oak_planks":24,"cobblemon:sun_stone":2,"minecraft:cooked_porkchop":1,"patchouli:guide_book":3,"minecraft:sand":94,"minecraft:stripped_spruce_log":1,"minecraft:barrel":3,"minecraft:sugar":2,"cobblemon:poke_ball":2,"minecraft:diamond":3,"minecraft:spruce_boat":3,"minecraft:grass":5,"minecraft:bone_meal":22,"minecraft:white_concrete":374,"cobblemon:ice_stone":1,"minecraft:bread":1,"minecraft:rooted_dirt":3,"cobblemon:medicinal_leek":3,"minecraft:oak_sapling":22,"minecraft:dark_oak_fence":24,"minecraft:oak_leaves":220,"cobblemon:x_special_defence":1,"minecraft:crafting_table":7,"minecraft:coarse_dirt":4,"minecraft:azure_bluet":4,"minecraft:chicken":1,"cobblemon:yellow_apricorn":5,"minecraft:brown_mushroom":6,"minecraft:cornflower":2,"minecraft:iron_axe":1,"cobblemon:white_apricorn":1,"minecraft:beef":28,"minecraft:iron_nugget":5,"minecraft:poppy":30,"shroom_dealers:amethyst_deceiver":2,"minecraft:spruce_trapdoor":5,"minecraft:egg":1,"minecraft:raw_iron":137,"shroom_dealers:cooked_bay_bolete":2,"minecraft:bowl":1,"minecraft:redstone":1,"minecraft:prismarine_crystals":20,"minecraft:arrow":8,"minecraft:hay_block":15,"minecraft:mutton":9,"cobblemon:blue_apricorn":72,"minecraft:white_wool":6,"minecraft:oxeye_daisy":1,"minecraft:clock":1,"minecraft:salmon":1,"minecraft:leather":20,"minecraft:red_mushroom":1,"minecraft:oak_log":55,"minecraft:gunpowder":2,"minecraft:paper":15,"minecraft:apple":2,"minecraft:rabbit_hide":3,"minecraft:glass_bottle":2,"minecraft:flowering_azalea":16,"minecraft:book":3,"cobblemon:red_apricorn_seed":3,"minecraft:sweet_berries":13,"minecraft:dandelion":3,"cobblemon:blue_apricorn_seed":10,"minecraft:raw_iron_block":1,"minecraft:gravel":70,"minecraft:spruce_sapling":9,"minecraft:white_bed":2,"minecraft:spruce_log":43,"minecraft:spruce_door":4,"minecraft:spider_eye":1,"minecraft:white_concrete_powder":18,"cobblemon:silk_scarf":1,"minecraft:red_concrete":31,"minecraft:stripped_dark_oak_log":73,"minecraft:coal":53},"minecraft:broken":{"minecraft:shears":1,"minecraft:iron_boots":1,"minecraft:iron_chestplate":1,"minecraft:golden_sword":1,"minecraft:stone_shovel":3,"minecraft:stone_sword":1,"minecraft:wooden_pickaxe":1,"minecraft:iron_axe":1,"minecraft:iron_pickaxe":1}},"DataVersion":3465}