{"stats":{"minecraft:killed_by":{"cobblemon:pokemon":4,"minecraft:player":7,"shroom_dealers:swampy_glooper":1,"minecraft:warden":1,"minecraft:skeleton":4,"minecraft:zombie":5},"minecraft:dropped":{"minecraft:iron_ingot":3,"minecraft:brown_mushroom":6,"minecraft:clock":1,"minecraft:cooked_beef":1,"shroom_dealers:cooked_bay_bolete":2,"minecraft:tnt":1,"minecraft:glass_bottle":3,"minecraft:poisonous_potato":1,"minecraft:feather":1,"minecraft:red_wool":1,"minecraft:red_mushroom":1,"minecraft:stick":1,"minecraft:dirt":44,"minecraft:diorite":5,"minecraft:torch":2,"minecraft:brown_wool":9,"minecraft:iron_leggings":2,"minecraft:oak_stairs":1,"minecraft:iron_axe":1,"minecraft:sugar":2,"minecraft:iron_shovel":1,"cobblemon:x_special_defence":1,"minecraft:paper":30,"minecraft:white_wool":1,"minecraft:gravel":2,"minecraft:iron_nugget":5,"minecraft:cobbled_deepslate":2,"minecraft:bowl":2,"minecraft:rotten_flesh":8,"minecraft:azure_bluet":4,"minecraft:filled_map":1,"minecraft:poppy":18,"minecraft:rabbit_hide":3,"minecraft:shroomlight":2,"minecraft:leather_boots":1,"minecraft:andesite":3,"minecraft:spruce_pressure_plate":1,"minecraft:spider_eye":1,"minecraft:arrow":7,"minecraft:stone_pickaxe":1,"minecraft:cooked_rabbit":1},"minecraft:used":{"minecraft:azalea":12,"minecraft:moss_block":9,"minecraft:iron_shovel":97,"minecraft:stone_sword":125,"minecraft:stone_shovel":423,"minecraft:poppy":2,"minecraft:iron_sword":80,"minecraft:grass":5,"minecraft:cooked_chicken":1,"minecraft:rotten_flesh":27,"minecraft:iron_chestplate":1,"minecraft:torch":1,"minecraft:dirt":306,"shroom_dealers:champignon_grilled_cheese_bread":1,"minecraft:carrot":38,"minecraft:tuff":5,"minecraft:spruce_boat":4,"minecraft:flowering_azalea":7,"minecraft:bookshelf":1,"minecraft:iron_axe":203,"minecraft:rooted_dirt":3,"minecraft:iron_boots":1,"minecraft:barrel":3,"minecraft:golden_sword":39,"minecraft:sweet_berries":26,"minecraft:oak_sapling":12,"minecraft:furnace":11,"minecraft:cooked_cod":4,"minecraft:egg":1,"minecraft:cobbled_deepslate":33,"minecraft:iron_leggings":1,"minecraft:wheat_seeds":137,"minecraft:cooked_mutton":7,"minecraft:spruce_door":4,"minecraft:oak_planks":15,"minecraft:stone_pickaxe":95,"minecraft:wooden_pickaxe":59,"minecraft:oak_leaves":220,"minecraft:salmon":1,"minecraft:stripped_dark_oak_log":47,"minecraft:crafting_table":11,"minecraft:white_bed":2,"minecraft:shears":234,"minecraft:spruce_log":2,"minecraft:smoker":3,"minecraft:oak_log":2,"minecraft:apple":1,"minecraft:diamond_pickaxe":259,"minecraft:cornflower":2,"minecraft:oxeye_daisy":1,"minecraft:bread":14,"minecraft:iron_pickaxe":217,"minecraft:suspicious_stew":1,"cobblemon:blue_apricorn":3,"minecraft:spruce_trapdoor":5,"shroom_dealers:cooked_bay_bolete":1,"minecraft:potion":1,"travelersbackpack:standard":11,"minecraft:cobblestone":28,"minecraft:cooked_porkchop":5,"minecraft:dark_oak_fence":19,"minecraft:dandelion":3,"minecraft:sea_pickle":2,"minecraft:white_concrete":163,"shroom_dealers:amethyst_deceiver":2,"minecraft:coarse_dirt":4,"minecraft:bone_meal":43},"minecraft:crafted":{"minecraft:oak_planks":112,"minecraft:raw_iron":9,"minecraft:stone_shovel":3,"minecraft:cooked_chicken":1,"minecraft:furnace":2,"minecraft:bone_meal":21,"minecraft:bookshelf":1,"minecraft:cooked_mutton":7,"minecraft:glass":12,"minecraft:iron_boots":1,"minecraft:iron_axe":1,"minecraft:stone_pickaxe":1,"minecraft:chest":1,"minecraft:spruce_boat":1,"minecraft:cooked_rabbit":1,"minecraft:wheat":128,"minecraft:cooked_beef":1,"minecraft:red_dye":3,"minecraft:cooked_porkchop":4,"minecraft:crafting_table":4,"minecraft:spruce_planks":104,"travelersbackpack:backpack_tank":2,"minecraft:wooden_pickaxe":1,"travelersbackpack:standard":1,"minecraft:iron_sword":1,"minecraft:red_wool":3,"minecraft:bread":45,"minecraft:air":0,"travelersbackpack:red_sleeping_bag":1,"minecraft:iron_chestplate":1,"minecraft:diamond_pickaxe":1,"minecraft:stick":16,"minecraft:iron_ingot":90,"minecraft:iron_pickaxe":1,"minecraft:stone_sword":1,"minecraft:iron_shovel":1,"minecraft:iron_leggings":1,"minecraft:shears":1},"minecraft:mined":{"minecraft:tuff":8,"minecraft:white_bed":2,"minecraft:deepslate_diamond_ore":1,"minecraft:sea_lantern":4,"minecraft:spruce_trapdoor":5,"minecraft:dark_oak_fence":19,"minecraft:grass_block":435,"minecraft:white_concrete":163,"minecraft:spruce_leaves":13,"minecraft:moss_block":29,"minecraft:oxeye_daisy":1,"minecraft:rooted_dirt":3,"minecraft:spawner":2,"minecraft:large_fern":3,"minecraft:hay_block":14,"minecraft:raw_iron_block":1,"minecraft:furnace":11,"minecraft:iron_ore":32,"minecraft:barrel":3,"minecraft:andesite":13,"minecraft:azure_bluet":1,"cobblemon:medicinal_leek":3,"minecraft:sculk_shrieker":4,"minecraft:bookshelf":1,"minecraft:deepslate_iron_ore":76,"minecraft:dirt_path":4,"minecraft:packed_ice":4,"minecraft:azalea":12,"minecraft:stone":111,"minecraft:flowering_azalea":15,"megamons:anistarite_geode_block":64,"minecraft:smoker":3,"minecraft:dandelion":2,"minecraft:stripped_dark_oak_log":47,"megamons:kangaskhanite_crystal_ore":2,"minecraft:spruce_door":4,"minecraft:torch":2,"minecraft:cornflower":1,"minecraft:crafting_table":7,"minecraft:poppy":9,"minecraft:mushroom_stem":9,"minecraft:tall_grass":161,"minecraft:cobblestone":2,"cobblemon:oran_berry":4,"minecraft:oak_planks":21,"minecraft:diorite":6,"minecraft:amethyst_block":1,"minecraft:coarse_dirt":4,"minecraft:sea_pickle":1,"minecraft:ice":1,"minecraft:spruce_log":26,"minecraft:tnt":1,"cobblemon:persim_berry":1,"minecraft:grass":979,"minecraft:oak_log":30,"minecraft:coal_ore":31,"megamons:crystal_sun_stone_ore":2,"minecraft:gravel":2,"minecraft:sand":12,"minecraft:dirt":75,"minecraft:cobweb":6,"minecraft:oak_leaves":287,"minecraft:deepslate":40,"minecraft:fern":3},"minecraft:custom":{"minecraft:mob_kills":81,"minecraft:interact_with_crafting_table":37,"minecraft:open_barrel":6,"minecraft:leave_game":4,"minecraft:time_since_death":775,"minecraft:climb_one_cm":222,"minecraft:sprint_one_cm":970397,"minecraft:walk_one_cm":805449,"minecraft:drop":64,"minecraft:play_time":328820,"minecraft:sneak_time":5847,"minecraft:deaths":24,"minecraft:walk_under_water_one_cm":50470,"minecraft:boat_one_cm":132570,"minecraft:jump":8036,"minecraft:walk_on_water_one_cm":107836,"minecraft:total_world_time":328820,"minecraft:interact_with_furnace":88,"minecraft:sleep_in_bed":8,"minecraft:time_since_rest":799,"minecraft:damage_taken":9018,"minecraft:damage_dealt":15371,"minecraft:player_kills":9,"minecraft:swim_one_cm":99805,"minecraft:fly_one_cm":2301825,"minecraft:open_chest":23,"minecraft:crouch_one_cm":20245,"minecraft:fall_one_cm":175931,"minecraft:inspect_dispenser":2},"minecraft:killed":{"minecraft:witch":1,"minecraft:spider":4,"minecraft:skeleton":7,"cobblemon:pokemon":18,"minecraft:zombie_villager":1,"minecraft:creeper":3,"minecraft:sheep":2,"minecraft:zombie":29,"minecraft:cow":11},"minecraft:picked_up":{"cobblemon:x_special_defence":1,"minecraft:crafting_table":7,"minecraft:coarse_dirt":4,"minecraft:wheat":7,"minecraft:azure_bluet":4,"minecraft:chicken":1,"cobblemon:yellow_apricorn":5,"minecraft:brown_mushroom":6,"cobblemon:red_apricorn":21,"minecraft:oak_stairs":1,"minecraft:potion":1,"minecraft:cornflower":2,"cobblemon:wepear_berry":27,"minecraft:string":18,"minecraft:iron_axe":1,"cobblemon:white_apricorn":1,"minecraft:shroomlight":2,"minecraft:sea_pickle":2,"minecraft:cobbled_deepslate":40,"minecraft:spruce_planks":9,"minecraft:beef":28,"cobblemon:oran_berry":16,"minecraft:azalea":12,"minecraft:iron_nugget":5,"minecraft:poppy":23,"shroom_dealers:amethyst_deceiver":2,"minecraft:spruce_trapdoor":5,"minecraft:furnace":10,"minecraft:egg":1,"minecraft:spruce_pressure_plate":1,"minecraft:stick":5,"minecraft:raw_iron":137,"shroom_dealers:cooked_bay_bolete":2,"minecraft:torch":4,"minecraft:bowl":1,"minecraft:porkchop":5,"minecraft:diorite":5,"minecraft:prismarine_crystals":11,"minecraft:arrow":7,"minecraft:rotten_flesh":35,"minecraft:hay_block":15,"minecraft:mutton":9,"cobblemon:blue_apricorn":28,"minecraft:white_wool":5,"minecraft:cobblestone":116,"minecraft:oxeye_daisy":1,"minecraft:clock":1,"minecraft:feather":1,"minecraft:andesite":3,"minecraft:salmon":1,"minecraft:brown_wool":9,"minecraft:leather":20,"megamons:raw_kangaskhanite":2,"minecraft:smoker":3,"minecraft:red_mushroom":1,"minecraft:tuff":5,"minecraft:oak_log":30,"minecraft:gunpowder":1,"megamons:anistarite_geode_block":64,"minecraft:dirt":538,"minecraft:paper":15,"minecraft:leather_boots":1,"minecraft:bone":8,"minecraft:apple":1,"minecraft:wheat_seeds":137,"minecraft:rabbit_hide":3,"minecraft:rabbit":1,"minecraft:glass_bottle":2,"minecraft:moss_block":29,"minecraft:oak_planks":21,"minecraft:flowering_azalea":16,"minecraft:book":3,"cobblemon:red_apricorn_seed":1,"cobblemon:sun_stone":2,"minecraft:cooked_porkchop":1,"minecraft:sweet_berries":13,"patchouli:guide_book":3,"cobblemon:blue_apricorn_seed":2,"minecraft:dandelion":3,"minecraft:raw_iron_block":1,"minecraft:gravel":2,"minecraft:sand":12,"minecraft:spruce_sapling":4,"minecraft:white_bed":2,"minecraft:spruce_log":28,"minecraft:spruce_door":4,"minecraft:spider_eye":1,"minecraft:barrel":3,"minecraft:sugar":2,"cobblemon:poke_ball":1,"minecraft:diamond":2,"minecraft:spruce_boat":3,"cobblemon:medicinal_leek":3,"minecraft:grass":5,"minecraft:oak_leaves":220,"minecraft:bone_meal":22,"minecraft:white_concrete":163,"cobblemon:ice_stone":1,"cobblemon:silk_scarf":1,"minecraft:rooted_dirt":3,"minecraft:oak_sapling":12,"minecraft:dark_oak_fence":19,"minecraft:stripped_dark_oak_log":47,"minecraft:coal":53},"minecraft:broken":{"minecraft:stone_sword":1,"minecraft:shears":1,"minecraft:wooden_pickaxe":1,"minecraft:golden_sword":1,"minecraft:iron_axe":1,"minecraft:iron_pickaxe":1,"minecraft:stone_shovel":3}},"DataVersion":3465}