{"stats":{"minecraft:custom":{"minecraft:interact_with_crafting_table":173,"minecraft:open_barrel":75,"minecraft:leave_game":24,"minecraft:time_since_death":7716,"minecraft:sprint_one_cm":4431740,"minecraft:drop":352,"minecraft:talked_to_villager":12,"minecraft:play_time":1545886,"minecraft:deaths":102,"minecraft:jump":25505,"minecraft:interact_with_brewingstand":1,"minecraft:walk_on_water_one_cm":280754,"minecraft:interact_with_furnace":269,"minecraft:traded_with_villager":2,"minecraft:sleep_in_bed":32,"minecraft:damage_dealt":31995,"minecraft:player_kills":24,"minecraft:crouch_one_cm":50303,"minecraft:interact_with_smithing_table":6,"minecraft:interact_with_smoker":80,"minecraft:inspect_dispenser":2,"minecraft:interact_with_anvil":1,"minecraft:mob_kills":228,"minecraft:inspect_hopper":1,"minecraft:climb_one_cm":626,"minecraft:walk_one_cm":3725859,"minecraft:sneak_time":17545,"minecraft:walk_under_water_one_cm":130744,"minecraft:boat_one_cm":132570,"minecraft:total_world_time":1545886,"minecraft:interact_with_stonecutter":1,"minecraft:time_since_rest":7749,"minecraft:damage_taken":46050,"minecraft:damage_absorbed":10,"minecraft:swim_one_cm":212718,"minecraft:fly_one_cm":6887348,"minecraft:open_chest":150,"minecraft:fall_one_cm":602275},"minecraft:dropped":{"naturescompass:naturescompass":1,"minecraft:brown_mushroom":6,"minecraft:moss_block":21,"minecraft:diamond_axe":1,"minecraft:cooked_beef":2,"shroom_dealers:cooked_bay_bolete":2,"minecraft:baked_potato":30,"cobblemon:blue_apricorn":13,"cobblemon:red_apricorn_seed":2,"minecraft:glass_bottle":4,"minecraft:lantern":1,"minecraft:leather":7,"minecraft:red_wool":1,"travelersbackpack:iron_tier_upgrade":1,"travelersbackpack:standard":3,"cobblemon:exp_share":1,"minecraft:red_mushroom":1,"minecraft:flint":2,"minecraft:cracked_polished_blackstone_bricks":4,"minecraft:dirt":109,"minecraft:grass":2,"minecraft:netherite_scrap":1,"minecraft:dark_oak_fence":9,"minecraft:mutton":2,"minecraft:gold_nugget":3,"minecraft:polished_blackstone_bricks":2,"minecraft:sugar":2,"cobblemon:great_ball":33,"minecraft:white_wool":7,"scguns:small_copper_casing":17,"cobblemon:red_apricorn":2,"minecraft:gold_ingot":5,"minecraft:gravel":15,"minecraft:blackstone":6,"minecraft:sugar_cane":1,"minecraft:ancient_debris":4,"minecraft:iron_nugget":5,"minecraft:cobbled_deepslate":623,"minecraft:rotten_flesh":22,"minecraft:oak_planks":15,"minecraft:glowstone_dust":3,"cobblemon:black_apricorn_seed":5,"minecraft:azure_bluet":8,"minecraft:poppy":24,"minecraft:rabbit_hide":5,"cobblemon:white_apricorn_seed":1,"minecraft:gunpowder":14,"cobblemon:quick_claw":1,"minecraft:spruce_pressure_plate":1,"minecraft:leather_boots":1,"minecraft:arrow":19,"minecraft:basalt":2,"minecraft:quartz":21,"scguns:large_brass_casing":2,"minecraft:oak_leaves":6,"minecraft:netherrack":735,"minecraft:enchanted_book":1,"minecraft:iron_ingot":13,"minecraft:bread":1,"minecraft:stripped_spruce_log":1,"minecraft:wheat_seeds":47,"minecraft:clock":1,"minecraft:tnt":1,"minecraft:poisonous_potato":4,"minecraft:feather":5,"minecraft:golden_axe":1,"minecraft:cobblestone":3,"minecraft:book":2,"minecraft:amethyst_block":2,"minecraft:acacia_log":1,"minecraft:stick":2,"minecraft:diorite":9,"minecraft:ink_sac":2,"minecraft:torch":2,"minecraft:white_concrete":29,"minecraft:brown_wool":9,"travelersbackpack:blank_upgrade":1,"minecraft:iron_leggings":2,"minecraft:dried_kelp":37,"minecraft:oak_stairs":2,"minecraft:flowering_azalea":9,"minecraft:iron_axe":2,"minecraft:polished_basalt":2,"minecraft:paper":33,"minecraft:iron_shovel":3,"cobblemon:x_special_defence":1,"minecraft:smooth_basalt":1,"scguns:geothermal_vent":2,"minecraft:hanging_roots":8,"minecraft:redstone":27,"minecraft:spruce_sapling":1,"minecraft:dandelion":1,"minecraft:red_concrete":31,"cobblemon:wepear_berry":27,"minecraft:netherite_ingot":1,"minecraft:bowl":2,"minecraft:tuff":66,"cobblemon:charti_berry":1,"minecraft:raw_iron":1,"minecraft:chicken":1,"cobblemon:yellow_apricorn":8,"minecraft:iron_hoe":1,"megamons:anistarite_geode_block":8,"minecraft:filled_map":2,"minecraft:shroomlight":2,"cobblemon:chople_berry":1,"minecraft:diamond_pickaxe":1,"minecraft:andesite":25,"minecraft:oak_sapling":1,"minecraft:golden_sword":1,"minecraft:spider_eye":3,"minecraft:bow":1,"minecraft:stone_pickaxe":1,"minecraft:calcite":1,"scguns:small_brass_casing":1,"minecraft:magma_block":12,"minecraft:cooked_rabbit":1,"minecraft:black_wool":2},"minecraft:broken":{"minecraft:golden_helmet":1,"minecraft:iron_shovel":1,"minecraft:shears":1,"minecraft:iron_boots":2,"minecraft:iron_chestplate":2,"minecraft:iron_leggings":1,"minecraft:golden_sword":2,"minecraft:diamond_pickaxe":1,"minecraft:iron_sword":1,"minecraft:stone_shovel":3,"minecraft:stone_sword":1,"minecraft:wooden_pickaxe":1,"minecraft:golden_axe":1,"minecraft:iron_axe":2,"minecraft:iron_pickaxe":1},"minecraft:killed_by":{"cobblemon:pokemon":29,"minecraft:piglin_brute":3,"minecraft:creeper":1,"minecraft:magma_cube":2,"minecraft:zombie":10,"scguns:swarm":1,"minecraft:player":21,"shroom_dealers:swampy_glooper":1,"minecraft:warden":2,"minecraft:skeleton":10,"shroom_dealers:swampy_gloop":1,"scguns:hornlin":2},"minecraft:mined":{"minecraft:dark_oak_planks":4,"cobblemon:pasture":1,"minecraft:oak_sapling":2,"minecraft:white_bed":6,"minecraft:farmland":76,"minecraft:sculk_vein":3,"minecraft:spruce_trapdoor":9,"minecraft:obsidian":11,"minecraft:grass_block":1114,"minecraft:cracked_polished_blackstone_bricks":2,"minecraft:white_concrete":780,"minecraft:deepslate_tile_stairs":1,"minecraft:hopper":3,"minecraft:oxeye_daisy":1,"minecraft:spawner":3,"minecraft:polished_blackstone_bricks":4,"minecraft:raw_iron_block":2,"minecraft:magma_block":6,"minecraft:glowstone":32,"minecraft:cobbled_deepslate":1,"minecraft:dark_oak_trapdoor":3,"minecraft:iron_ore":102,"minecraft:barrel":6,"minecraft:fire":27,"minecraft:deepslate_lapis_ore":8,"minecraft:azure_bluet":2,"cobblemon:medicinal_leek":51,"minecraft:dark_oak_stairs":27,"minecraft:sculk_shrieker":7,"minecraft:cave_vines":1,"minecraft:dirt_path":5,"minecraft:oak_stairs":51,"minecraft:azalea":13,"scguns:geothermal_vent":2,"minecraft:deepslate_redstone_ore":141,"megamons:anistarite_geode_block":64,"minecraft:blackstone":7,"minecraft:kelp_plant":46,"minecraft:smoker":4,"minecraft:amethyst_cluster":27,"megamons:kangaskhanite_crystal_ore":2,"minecraft:powder_snow":2,"minecraft:torch":3,"minecraft:calcite":1,"minecraft:poppy":10,"minecraft:mushroom_stem":9,"minecraft:nether_quartz_ore":46,"minecraft:cobblestone":22,"minecraft:oak_planks":75,"minecraft:sugar_cane":10,"minecraft:wall_torch":2,"minecraft:amethyst_block":3,"minecraft:dark_oak_door":2,"minecraft:warped_fungus":1,"cobblemon:deepslate_thunder_stone_ore":1,"minecraft:tnt":1,"cobblemon:persim_berry":1,"minecraft:smooth_basalt":1,"minecraft:grass":1111,"minecraft:cracked_deepslate_tiles":1,"minecraft:oak_log":80,"minecraft:dark_oak_sapling":6,"minecraft:sand":237,"minecraft:dirt":169,"minecraft:deepslate":696,"minecraft:ancient_debris":5,"minecraft:netherrack":518,"minecraft:oak_leaves":495,"cobblemon:healing_machine":1,"minecraft:nether_gold_ore":14,"minecraft:tuff":74,"minecraft:dark_oak_leaves":6,"minecraft:deepslate_diamond_ore":131,"minecraft:dark_oak_log":505,"minecraft:sea_lantern":8,"minecraft:dark_oak_fence":84,"minecraft:spruce_leaves":23,"minecraft:moss_block":30,"minecraft:kelp":5,"minecraft:rooted_dirt":3,"minecraft:large_fern":3,"minecraft:hay_block":14,"minecraft:redstone_ore":6,"minecraft:spruce_sapling":2,"minecraft:furnace":14,"minecraft:carrots":3,"minecraft:nether_sprouts":1,"minecraft:polished_basalt":1,"minecraft:andesite":37,"minecraft:stripped_spruce_log":1,"minecraft:gold_block":15,"minecraft:bookshelf":2,"minecraft:potatoes":278,"minecraft:deepslate_iron_ore":116,"minecraft:lantern":1,"minecraft:packed_ice":5,"minecraft:bamboo":2,"minecraft:stone":284,"minecraft:bone_block":33,"minecraft:flowering_azalea":17,"minecraft:glass_pane":8,"minecraft:stripped_dark_oak_log":155,"minecraft:basalt":1,"minecraft:dandelion":2,"minecraft:spruce_door":18,"minecraft:crafting_table":13,"minecraft:cornflower":1,"minecraft:tall_grass":179,"minecraft:lapis_ore":5,"cobblemon:oran_berry":29,"minecraft:deepslate_gold_ore":34,"minecraft:red_concrete":31,"minecraft:polished_blackstone_brick_stairs":1,"minecraft:sculk":4,"minecraft:diorite":14,"minecraft:warped_wart_block":1,"minecraft:gray_wool":4,"minecraft:coarse_dirt":4,"minecraft:cobblestone_wall":3,"minecraft:sea_pickle":1,"minecraft:sweet_berry_bush":1,"minecraft:ice":9,"shroom_dealers:good_vine_block":12,"minecraft:spruce_log":55,"minecraft:coal_ore":31,"megamons:crystal_sun_stone_ore":2,"minecraft:gravel":167,"minecraft:cobweb":6,"cobblemon:blue_apricorn_sapling":1,"minecraft:spruce_fence_gate":8,"minecraft:stone_bricks":1,"minecraft:infested_stone":1,"minecraft:gold_ore":13,"minecraft:fern":3},"minecraft:killed":{"scguns:swarm":4,"minecraft:witch":1,"minecraft:spider":15,"minecraft:skeleton":13,"scguns:cog_knight":1,"minecraft:silverfish":1,"minecraft:magma_cube":29,"minecraft:piglin":5,"minecraft:zombie_villager":1,"minecraft:creeper":10,"minecraft:sheep":6,"minecraft:zombie":68,"minecraft:cow":11,"scguns:cog_minion":2,"minecraft:phantom":2,"minecraft:drowned":3,"cobblemon:pokemon":21,"minecraft:squid":3,"scguns:hive":2},"minecraft:used":{"minecraft:moss_block":9,"minecraft:iron_shovel":558,"minecraft:poppy":3,"minecraft:white_concrete_powder":170,"minecraft:chest":4,"minecraft:iron_sword":414,"minecraft:grass":5,"minecraft:rotten_flesh":73,"minecraft:iron_chestplate":1,"minecraft:mutton":8,"securitycraft:keypad_item":2,"minecraft:carrot":41,"minecraft:tuff":5,"minecraft:obsidian":12,"minecraft:honey_bottle":2,"minecraft:spruce_boat":4,"minecraft:lantern":5,"minecraft:stone_bricks":1,"minecraft:golden_sword":44,"minecraft:oak_sapling":24,"minecraft:sweet_berries":38,"minecraft:cooked_cod":8,"minecraft:furnace":14,"minecraft:egg":1,"minecraft:potato":372,"minecraft:dark_oak_sapling":59,"minecraft:spruce_door":21,"minecraft:dark_oak_stairs":54,"minecraft:oak_planks":325,"minecraft:stone_pickaxe":95,"minecraft:wooden_pickaxe":59,"scguns:callwell":158,"minecraft:diamond_axe":692,"securitycraft:reinforced_glass_pane":72,"minecraft:golden_apple":1,"minecraft:oak_leaves":377,"minecraft:dark_oak_trapdoor":103,"securitycraft:reinforced_spruce_fence_gate":6,"securitycraft:universal_block_remover":2,"minecraft:shears":418,"minecraft:dark_oak_log":158,"minecraft:bread":74,"minecraft:gravel":12,"minecraft:cooked_rabbit":1,"minecraft:andesite":1,"cobblemon:red_apricorn_seed":1,"cobblemon:medicinal_leek":9,"minecraft:azalea":12,"minecraft:coarse_dirt":11,"securitycraft:whitelist_module":1,"minecraft:dark_oak_fence":43,"minecraft:white_concrete":777,"minecraft:bone_meal":168,"minecraft:smithing_table":1,"minecraft:stone_sword":131,"minecraft:stone_shovel":423,"minecraft:cooked_salmon":2,"minecraft:cooked_chicken":2,"minecraft:netherrack":130,"cobblemon:pasture":1,"minecraft:torch":8,"minecraft:dirt":1390,"shroom_dealers:champignon_grilled_cheese_bread":1,"minecraft:hopper":3,"minecraft:cobblestone_wall":4,"minecraft:iron_hoe":93,"securitycraft:reinforced_dirt":4,"minecraft:dark_oak_planks":4,"minecraft:flowering_azalea":8,"minecraft:bookshelf":2,"minecraft:rooted_dirt":4,"minecraft:iron_axe":558,"minecraft:oak_stairs":62,"minecraft:iron_boots":1,"minecraft:polished_blackstone_brick_stairs":1,"minecraft:barrel":6,"minecraft:bamboo":2,"securitycraft:remote_access_sentry":1,"securitycraft:sentry":6,"minecraft:glowstone":13,"minecraft:beef":1,"minecraft:cooked_beef":32,"minecraft:golden_axe":29,"minecraft:cobbled_deepslate":58,"minecraft:iron_leggings":1,"minecraft:cooked_mutton":27,"minecraft:wheat_seeds":137,"minecraft:water_bucket":36,"minecraft:rabbit":1,"minecraft:baked_potato":119,"minecraft:spruce_fence_gate":8,"minecraft:polished_blackstone_bricks":16,"minecraft:salmon":1,"minecraft:stripped_dark_oak_log":102,"minecraft:crafting_table":19,"cobblemon:healing_machine":2,"minecraft:white_bed":7,"minecraft:spruce_log":4,"minecraft:dark_oak_door":6,"minecraft:smoker":5,"minecraft:oak_log":2,"minecraft:oxeye_daisy":1,"minecraft:cornflower":2,"minecraft:diamond_pickaxe":3067,"minecraft:apple":5,"minecraft:diamond_shovel":473,"minecraft:chicken":3,"cobblemon:oran_berry":9,"minecraft:iron_pickaxe":217,"minecraft:suspicious_stew":1,"cobblemon:blue_apricorn":3,"minecraft:spruce_trapdoor":9,"minecraft:spruce_sapling":14,"shroom_dealers:cooked_bay_bolete":1,"minecraft:cobblestone":76,"minecraft:potion":1,"travelersbackpack:standard":69,"minecraft:cooked_porkchop":17,"minecraft:bucket":38,"minecraft:glass_pane":32,"minecraft:sea_pickle":4,"shroom_dealers:amethyst_deceiver":2,"minecraft:dandelion":3,"cobblemon:blue_apricorn_seed":5},"minecraft:picked_up":{"cobblemon:remedy":1,"minecraft:wheat":7,"cobblemon:timer_ball":1,"cobblemon:red_apricorn":56,"minecraft:oak_stairs":52,"cobblemon:charti_berry":1,"minecraft:potion":1,"minecraft:golden_sword":2,"minecraft:amethyst_block":2,"cobblemon:wepear_berry":27,"minecraft:polished_blackstone_brick_stairs":1,"minecraft:string":35,"minecraft:dark_oak_trapdoor":3,"minecraft:raw_copper":34,"minecraft:shroomlight":2,"securitycraft:reinforced_dirt":4,"minecraft:sea_pickle":4,"minecraft:gold_nugget":60,"minecraft:cobbled_deepslate":767,"minecraft:spruce_planks":9,"cobblemon:exp_candy_s":32,"cobblemon:white_apricorn_seed":1,"cobblemon:oran_berry":78,"minecraft:calcite":1,"minecraft:azalea":12,"minecraft:furnace":13,"minecraft:dark_oak_door":2,"minecraft:spruce_pressure_plate":1,"minecraft:stick":59,"minecraft:torch":8,"minecraft:acacia_log":1,"minecraft:porkchop":12,"minecraft:dried_kelp":37,"minecraft:golden_axe":1,"minecraft:diorite":9,"minecraft:honey_bottle":2,"minecraft:rotten_flesh":104,"minecraft:polished_basalt":2,"minecraft:blaze_rod":1,"minecraft:obsidian":15,"minecraft:cobblestone":308,"minecraft:magma_block":12,"cobblemon:great_ball":4,"minecraft:feather":5,"minecraft:cooked_beef":3,"cobblemon:ultra_ball":39,"minecraft:andesite":28,"megamons:raw_kangaskhanite":2,"minecraft:brown_wool":9,"scguns:small_brass_casing":1,"simpletms:tr_acrobatics":1,"minecraft:smoker":5,"minecraft:potato":976,"minecraft:flint":25,"minecraft:tuff":71,"minecraft:lapis_lazuli":83,"megamons:anistarite_geode_block":72,"minecraft:dirt":1591,"minecraft:lantern":4,"securitycraft:sentry":4,"minecraft:leather_boots":1,"securitycraft:reinforced_stone_button":16,"minecraft:bone":32,"securitycraft:reinforced_spruce_fence_gate":6,"minecraft:bow":1,"cobblemon:black_apricorn":1,"minecraft:wheat_seeds":215,"minecraft:raw_gold":47,"cobblemon:thunder_stone":1,"minecraft:bamboo":5,"minecraft:rabbit":8,"minecraft:glowstone_dust":96,"minecraft:moss_block":70,"minecraft:oak_planks":90,"cobblemon:sun_stone":2,"scguns:shotgun_shell":808,"minecraft:cooked_porkchop":3,"patchouli:guide_book":3,"minecraft:poisonous_potato":4,"cobblemon:fire_stone":1,"minecraft:sand":235,"minecraft:stripped_spruce_log":1,"minecraft:ink_sac":6,"minecraft:dark_oak_log":523,"megamons:raw_gengarite":1,"minecraft:barrel":6,"cobblemon:healing_machine":2,"minecraft:spruce_fence_gate":8,"minecraft:sugar":2,"minecraft:diamond":132,"cobblemon:poke_ball":3,"minecraft:spruce_boat":3,"shroom_dealers:viney_lasso":1,"minecraft:cracked_polished_blackstone_bricks":4,"minecraft:grass":7,"minecraft:bone_meal":22,"minecraft:white_concrete":806,"cobblemon:ice_stone":1,"minecraft:bread":29,"minecraft:emerald":65,"minecraft:rooted_dirt":4,"cobblemon:medicinal_leek":106,"minecraft:oak_sapling":30,"minecraft:netherrack":928,"scguns:callwell":1,"minecraft:dark_oak_fence":96,"megamons:cut_gyaradosite":1,"minecraft:oak_leaves":403,"minecraft:diamond_pickaxe":1,"cobblemon:x_special_defence":1,"minecraft:coarse_dirt":11,"minecraft:crafting_table":13,"minecraft:azure_bluet":10,"minecraft:chicken":6,"cobblemon:yellow_apricorn":13,"minecraft:brown_mushroom":6,"securitycraft:reinforced_glass_pane":72,"minecraft:gold_block":14,"minecraft:cornflower":2,"minecraft:iron_axe":1,"scguns:small_copper_casing":38,"cobblemon:white_apricorn":9,"minecraft:iron_shovel":1,"minecraft:blackstone":6,"minecraft:beef":32,"scguns:ancient_brass":13,"minecraft:iron_nugget":5,"minecraft:poppy":30,"cobblemon:dusk_stone":1,"cobblemon:leftovers":1,"minecraft:sugar_cane":30,"shroom_dealers:amethyst_deceiver":2,"cobblemon:chople_berry":1,"minecraft:spruce_trapdoor":9,"minecraft:egg":1,"minecraft:dark_oak_sapling":59,"minecraft:raw_iron":251,"shroom_dealers:cooked_bay_bolete":2,"securitycraft:reinforced_cobblestone":14,"minecraft:bowl":1,"minecraft:polished_blackstone_bricks":18,"cobblemon:vivichoke_seeds":5,"minecraft:carrot":4,"minecraft:redstone":663,"minecraft:prismarine_crystals":40,"minecraft:dark_oak_planks":4,"minecraft:arrow":20,"cobblemon:revive":64,"minecraft:hay_block":15,"minecraft:totem_of_undying":1,"cobblemon:blue_apricorn":100,"minecraft:mutton":25,"megamons:cut_charizarditey":1,"minecraft:white_wool":20,"minecraft:bone_block":32,"minecraft:oxeye_daisy":1,"minecraft:clock":1,"minecraft:basalt":17,"minecraft:salmon":1,"minecraft:leather":25,"minecraft:red_mushroom":1,"minecraft:filled_map":1,"minecraft:oak_log":80,"cobblemon:medicinal_brew":1,"minecraft:ancient_debris":6,"minecraft:cobblestone_wall":4,"minecraft:gunpowder":9,"scguns:large_brass_casing":2,"minecraft:paper":15,"scguns:anthralite_nugget":7,"minecraft:cooked_mutton":18,"minecraft:apple":6,"minecraft:stone_bricks":1,"minecraft:kelp":218,"cobblemon:exp_share":1,"minecraft:rabbit_hide":5,"minecraft:iron_ingot":11,"minecraft:glass_bottle":2,"minecraft:dark_oak_stairs":30,"minecraft:flowering_azalea":36,"minecraft:book":10,"cobblemon:red_apricorn_seed":7,"minecraft:smooth_basalt":1,"scguns:geothermal_vent":2,"minecraft:warped_fungus":1,"minecraft:sweet_berries":25,"cobblemon:black_apricorn_seed":9,"minecraft:quartz":67,"minecraft:dandelion":4,"minecraft:raw_iron_block":2,"cobblemon:blue_apricorn_seed":15,"minecraft:gravel":138,"minecraft:amethyst_shard":108,"minecraft:spruce_sapling":21,"minecraft:white_bed":7,"securitycraft:reinforced_iron_block":6,"minecraft:spruce_log":57,"minecraft:spider_eye":4,"minecraft:spruce_door":19,"travelersbackpack:standard":3,"minecraft:white_concrete_powder":18,"minecraft:diamond_axe":1,"cobblemon:pasture":1,"cobblemon:silk_scarf":1,"minecraft:red_concrete":31,"minecraft:stripped_dark_oak_log":147,"minecraft:coal":53,"minecraft:hopper":3,"minecraft:ender_pearl":1},"minecraft:crafted":{"minecraft:black_dye":4,"minecraft:oak_planks":312,"minecraft:cooked_chicken":2,"minecraft:stone":16,"minecraft:diamond_shovel":1,"securitycraft:keypad_item":2,"minecraft:bookshelf":2,"minecraft:heavy_weighted_pressure_plate":2,"minecraft:cooked_mutton":11,"securitycraft:laser_block":1,"minecraft:dark_oak_door":6,"minecraft:glass":113,"minecraft:bow":2,"minecraft:iron_boots":3,"minecraft:chest":6,"minecraft:black_wool":4,"minecraft:cooked_rabbit":7,"minecraft:golden_axe":1,"travelersbackpack:iron_tier_upgrade":1,"minecraft:cooked_porkchop":11,"minecraft:diamond_axe":1,"minecraft:crafting_table":7,"minecraft:spruce_planks":136,"travelersbackpack:standard":2,"minecraft:baked_potato":343,"minecraft:wooden_pickaxe":1,"minecraft:iron_helmet":1,"megamons:key_stone":1,"minecraft:spruce_door":6,"minecraft:smithing_table":1,"minecraft:red_wool":3,"minecraft:gold_block":4,"travelersbackpack:red_sleeping_bag":1,"minecraft:iron_chestplate":3,"minecraft:paper":3,"minecraft:diamond_pickaxe":2,"minecraft:charcoal":249,"naturescompass:naturescompass":1,"minecraft:stick":56,"minecraft:iron_ingot":236,"minecraft:compass":1,"minecraft:iron_pickaxe":1,"minecraft:iron_block":9,"minecraft:stone_sword":2,"minecraft:gold_ingot":52,"securitycraft:whitelist_module":1,"minecraft:redstone_torch":3,"minecraft:spruce_fence_gate":6,"minecraft:shears":3,"securitycraft:universal_block_reinforcer_lvl1":1,"cobblemon:exp_share":1,"minecraft:raw_iron":18,"minecraft:redstone":63,"minecraft:stone_shovel":3,"securitycraft:sentry":2,"minecraft:iron_nugget":18,"cobblemon:black_belt":1,"minecraft:furnace":3,"minecraft:stone_button":16,"minecraft:dark_oak_trapdoor":102,"minecraft:bone_meal":165,"megamons:cut_gengarite":1,"travelersbackpack:blank_upgrade":4,"travelersbackpack:gold_tier_upgrade":1,"minecraft:diamond_block":13,"minecraft:glass_pane":112,"minecraft:lantern":2,"minecraft:white_concrete_powder":152,"minecraft:iron_axe":3,"minecraft:iron_hoe":1,"megamons:mega_cuff":1,"minecraft:stone_pickaxe":1,"minecraft:spruce_boat":1,"minecraft:redstone_block":72,"minecraft:netherite_scrap":13,"minecraft:dark_oak_planks":436,"minecraft:wheat":128,"minecraft:cooked_beef":31,"securitycraft:portable_radar":2,"minecraft:red_dye":3,"securitycraft:reinforced_dispenser":2,"minecraft:dark_oak_stairs":24,"travelersbackpack:backpack_tank":4,"minecraft:dried_kelp":44,"minecraft:iron_sword":1,"minecraft:bucket":1,"minecraft:glowstone":20,"minecraft:enchanted_book":2,"minecraft:bread":46,"minecraft:air":0,"securitycraft:remote_access_sentry":1,"minecraft:white_dye":19,"minecraft:oak_stairs":12,"minecraft:iron_shovel":4,"minecraft:iron_leggings":2,"minecraft:torch":4,"cobblemon:great_ball":84}},"DataVersion":3465}