{"stats":{"minecraft:custom":{"minecraft:interact_with_furnace":6,"minecraft:mob_kills":11,"minecraft:inspect_hopper":4,"minecraft:interact_with_crafting_table":6,"minecraft:open_barrel":3,"minecraft:leave_game":2,"minecraft:time_since_death":33223,"minecraft:sleep_in_bed":7,"minecraft:time_since_rest":33244,"minecraft:sprint_one_cm":213920,"minecraft:damage_taken":2305,"minecraft:walk_one_cm":203649,"minecraft:damage_blocked_by_shield":120,"minecraft:drop":65,"minecraft:damage_dealt":3170,"minecraft:swim_one_cm":38639,"minecraft:fly_one_cm":630353,"minecraft:open_chest":5,"minecraft:crouch_one_cm":4617,"minecraft:play_time":97763,"minecraft:deaths":6,"minecraft:sneak_time":2363,"minecraft:walk_under_water_one_cm":9467,"minecraft:jump":1942,"minecraft:walk_on_water_one_cm":10186,"minecraft:total_world_time":97763,"minecraft:interact_with_smoker":1,"minecraft:inspect_dispenser":3,"minecraft:fall_one_cm":36309},"minecraft:picked_up":{"minecraft:crafting_table":2,"minecraft:anvil":2,"minecraft:salmon":1,"cobblemon:blue_mint_leaf":9,"minecraft:brown_mushroom":8,"minecraft:smoker":1,"minecraft:red_mushroom":10,"minecraft:potato":7,"minecraft:cooked_rabbit":2,"minecraft:mushroom_stew":1,"minecraft:golden_shovel":1,"minecraft:dirt":17,"minecraft:red_bed":5,"minecraft:moss_carpet":1,"shroom_dealers:cheese":1,"cobblemon:white_apricorn":1,"minecraft:white_carpet":3,"minecraft:wheat_seeds":7,"minecraft:spruce_planks":1,"minecraft:iron_ingot":4,"minecraft:beef":1,"cobblemon:oran_berry":23,"minecraft:glowstone_dust":12,"minecraft:furnace":1,"minecraft:raw_iron":1,"shroom_dealers:cooked_bay_bolete":2,"minecraft:sweet_berries":2,"patchouli:guide_book":1,"minecraft:red_wool":1,"minecraft:bowl":2,"cobblemon:cheri_berry":5,"cobblemon:pink_apricorn":2,"minecraft:spruce_log":12,"cobblemon:healing_machine":2,"minecraft:arrow":4,"minecraft:rotten_flesh":3,"cobblemon:black_augurite":3,"cobblemon:silk_scarf":1,"minecraft:light_gray_carpet":1,"minecraft:snowball":11,"minecraft:white_wool":1,"minecraft:cobblestone":24},"minecraft:mined":{"cobblemon:healing_machine":2,"minecraft:light_gray_carpet":1,"minecraft:red_bed":6,"minecraft:smoker":1,"cobblemon:cheri_berry":5,"minecraft:crafting_table":2,"cobblemon:apricorn_leaves":2,"minecraft:poppy":1,"minecraft:grass_block":6,"minecraft:cobblestone":18,"minecraft:spruce_leaves":8,"minecraft:glowstone":4,"minecraft:furnace":1,"minecraft:carrots":1,"minecraft:iron_ore":1,"minecraft:wheat":6,"minecraft:fire":15,"minecraft:sweet_berry_bush":2,"minecraft:ice":4,"minecraft:white_carpet":3,"minecraft:spruce_log":12,"minecraft:anvil":6,"minecraft:grass":11,"minecraft:potatoes":8,"minecraft:dirt":3,"minecraft:packed_ice":1,"minecraft:stone":7,"minecraft:fern":3},"minecraft:broken":{"minecraft:stone_pickaxe":1},"minecraft:killed_by":{"cobblemon:pokemon":1,"minecraft:skeleton":1,"minecraft:stray":1,"minecraft:zombie":1},"minecraft:crafted":{"minecraft:cooked_beef":1,"minecraft:crafting_table":1,"minecraft:spruce_planks":48,"minecraft:wooden_pickaxe":1,"minecraft:cooked_salmon":1,"minecraft:stone_axe":1,"minecraft:air":0,"minecraft:shield":1,"minecraft:stick":12,"minecraft:iron_ingot":1,"minecraft:iron_pickaxe":1,"minecraft:stone_pickaxe":2},"minecraft:dropped":{"minecraft:brown_mushroom":8,"cobblemon:black_augurite":3,"minecraft:iron_nugget":6,"minecraft:golden_chestplate":1,"minecraft:bowl":3,"minecraft:light_gray_carpet":1,"minecraft:red_wool":1,"cobblemon:nest_ball":1,"minecraft:golden_shovel":2,"patchouli:guide_book":1,"minecraft:red_mushroom":10,"minecraft:dirt":9,"minecraft:spruce_planks":1,"minecraft:snowball":11,"minecraft:white_dye":14,"minecraft:stone_pickaxe":1,"minecraft:white_wool":1},"minecraft:killed":{"cobblemon:pokemon":1,"minecraft:iron_golem":1,"minecraft:skeleton":2,"minecraft:zombie":6},"minecraft:used":{"minecraft:moss_carpet":1,"minecraft:flint_and_steel":16,"minecraft:stone_pickaxe":79,"minecraft:wooden_pickaxe":21,"minecraft:spruce_planks":28,"minecraft:shield":2,"minecraft:cooked_salmon":1,"minecraft:rotten_flesh":3,"minecraft:dirt":8,"minecraft:white_carpet":3,"minecraft:crafting_table":3,"minecraft:red_bed":5,"minecraft:mushroom_stew":1,"minecraft:smoker":1,"shroom_dealers:cheese":1,"minecraft:iron_pickaxe":10,"shroom_dealers:cooked_bay_bolete":2,"minecraft:stone_axe":33,"minecraft:cobblestone":15,"minecraft:written_book":1,"minecraft:sweet_berries":2,"minecraft:cooked_rabbit":2,"minecraft:cooked_beef":1}},"DataVersion":3465}