{"stats":{"minecraft:killed_by":{"cobblemon:pokemon":2,"minecraft:stray":1,"minecraft:skeleton":2,"minecraft:zombie":3},"minecraft:dropped":{"minecraft:brown_mushroom":8,"minecraft:wheat_seeds":30,"minecraft:leather":2,"minecraft:red_wool":1,"minecraft:red_mushroom":10,"minecraft:dirt":9,"minecraft:brown_wool":1,"minecraft:snowball":11,"minecraft:flowering_azalea":1,"minecraft:white_wool":4,"minecraft:stone_axe":3,"cobblemon:wepear_berry":1,"minecraft:iron_nugget":6,"cobblemon:black_augurite":3,"minecraft:golden_chestplate":2,"minecraft:bowl":3,"cobblemon:cheri_berry":5,"minecraft:light_gray_carpet":1,"cobblemon:nest_ball":1,"cobblemon:black_apricorn":1,"minecraft:golden_shovel":2,"patchouli:guide_book":1,"minecraft:poppy":1,"minecraft:shield":1,"minecraft:spruce_planks":1,"minecraft:white_dye":14,"minecraft:stone_pickaxe":1,"minecraft:beef":3,"minecraft:written_book":2},"minecraft:used":{"minecraft:moss_carpet":1,"minecraft:flint_and_steel":16,"minecraft:ladder":1,"minecraft:decorated_pot":3,"minecraft:chest":1,"minecraft:spruce_planks":28,"minecraft:shield":9,"minecraft:cooked_salmon":1,"minecraft:rotten_flesh":3,"minecraft:dirt":16,"minecraft:white_carpet":3,"minecraft:dark_oak_planks":15,"minecraft:flowering_azalea":1,"minecraft:written_book":1,"minecraft:sweet_berries":2,"minecraft:cooked_beef":1,"minecraft:cooked_mutton":10,"minecraft:stone_pickaxe":79,"minecraft:wooden_pickaxe":21,"minecraft:crafting_table":4,"minecraft:red_bed":5,"minecraft:mushroom_stew":1,"minecraft:smoker":1,"cobblemon:healing_machine":2,"shroom_dealers:cheese":1,"minecraft:iron_pickaxe":31,"minecraft:spruce_trapdoor":1,"minecraft:stone_axe":100,"shroom_dealers:cooked_bay_bolete":2,"minecraft:cobblestone":15,"minecraft:cooked_rabbit":2},"minecraft:crafted":{"travelersbackpack:white_sleeping_bag":1,"minecraft:stone_pickaxe":2,"minecraft:chest":1,"minecraft:dark_oak_planks":24,"minecraft:cooked_beef":1,"minecraft:crafting_table":1,"minecraft:spruce_planks":48,"minecraft:wooden_pickaxe":1,"minecraft:cooked_salmon":1,"minecraft:stone_axe":1,"minecraft:air":0,"minecraft:shield":2,"minecraft:stick":12,"minecraft:iron_ingot":4,"minecraft:iron_pickaxe":1},"minecraft:mined":{"minecraft:dark_oak_planks":5,"cobblemon:healing_machine":4,"minecraft:ladder":4,"cobblemon:cheri_berry":5,"minecraft:spruce_trapdoor":1,"minecraft:grass_block":9,"minecraft:decorated_pot":4,"minecraft:spruce_leaves":8,"minecraft:moss_block":1,"minecraft:glowstone":4,"minecraft:furnace":1,"minecraft:carrots":1,"minecraft:iron_ore":2,"minecraft:fire":15,"minecraft:anvil":10,"minecraft:azure_bluet":2,"minecraft:potatoes":8,"minecraft:packed_ice":1,"minecraft:stone":7,"minecraft:podzol":1,"minecraft:light_gray_carpet":1,"minecraft:flowering_azalea":1,"minecraft:red_bed":6,"minecraft:smoker":1,"minecraft:stripped_dark_oak_log":6,"minecraft:crafting_table":3,"cobblemon:apricorn_leaves":3,"minecraft:poppy":2,"minecraft:tall_grass":1,"minecraft:cobblestone":18,"cobblemon:relic_coin_pouch":2,"minecraft:ice":4,"minecraft:sweet_berry_bush":2,"minecraft:wheat":6,"minecraft:white_carpet":3,"minecraft:spruce_log":12,"minecraft:grass":45,"minecraft:sand":3,"minecraft:dirt":7,"minecraft:fern":3},"minecraft:custom":{"minecraft:mob_kills":26,"minecraft:inspect_hopper":9,"minecraft:interact_with_crafting_table":11,"minecraft:open_barrel":3,"minecraft:leave_game":2,"minecraft:time_since_death":2267,"minecraft:climb_one_cm":2504,"minecraft:sprint_one_cm":339640,"minecraft:walk_one_cm":310258,"minecraft:damage_blocked_by_shield":375,"minecraft:drop":87,"minecraft:play_time":133429,"minecraft:deaths":10,"minecraft:sneak_time":2952,"minecraft:walk_under_water_one_cm":9540,"minecraft:boat_one_cm":10584,"minecraft:jump":2993,"minecraft:walk_on_water_one_cm":11142,"minecraft:total_world_time":133429,"minecraft:interact_with_furnace":13,"minecraft:sleep_in_bed":8,"minecraft:time_since_rest":2297,"minecraft:damage_taken":3913,"minecraft:damage_dealt":5727,"minecraft:swim_one_cm":38639,"minecraft:fly_one_cm":936012,"minecraft:open_chest":7,"minecraft:crouch_one_cm":6337,"minecraft:interact_with_smoker":2,"minecraft:fall_one_cm":62105,"minecraft:inspect_dispenser":3},"minecraft:killed":{"minecraft:spider":2,"minecraft:skeleton":3,"cobblemon:pokemon":7,"minecraft:iron_golem":1,"minecraft:sheep":2,"minecraft:zombie":10},"minecraft:picked_up":{"minecraft:crafting_table":3,"minecraft:ladder":4,"minecraft:anvil":6,"cobblemon:blue_mint_leaf":9,"minecraft:brown_mushroom":8,"minecraft:cooked_rabbit":2,"minecraft:golden_shovel":1,"cobblemon:wepear_berry":2,"minecraft:red_bed":5,"minecraft:string":3,"minecraft:moss_carpet":1,"shroom_dealers:cheese":1,"cobblemon:white_apricorn":1,"minecraft:white_carpet":3,"minecraft:spruce_planks":1,"minecraft:beef":8,"cobblemon:oran_berry":23,"cobblemon:relic_coin":16,"minecraft:written_book":2,"minecraft:poppy":1,"minecraft:spruce_trapdoor":1,"minecraft:furnace":1,"shroom_dealers:cooked_bay_bolete":2,"minecraft:raw_iron":3,"minecraft:bowl":2,"minecraft:golden_chestplate":1,"minecraft:dark_oak_planks":5,"minecraft:arrow":5,"minecraft:rotten_flesh":3,"minecraft:decorated_pot":4,"cobblemon:black_augurite":3,"minecraft:snowball":11,"minecraft:white_wool":7,"minecraft:cobblestone":24,"minecraft:salmon":1,"minecraft:leather":7,"minecraft:brown_wool":1,"minecraft:red_mushroom":10,"minecraft:smoker":1,"minecraft:potato":7,"minecraft:mushroom_stew":1,"minecraft:dirt":25,"minecraft:cooked_mutton":11,"cobblemon:black_apricorn":4,"minecraft:wheat_seeds":30,"minecraft:iron_ingot":5,"minecraft:glowstone_dust":12,"minecraft:flowering_azalea":2,"minecraft:sweet_berries":2,"patchouli:guide_book":1,"cobblemon:black_apricorn_seed":1,"minecraft:red_wool":1,"cobblemon:cheri_berry":5,"cobblemon:pink_apricorn":2,"minecraft:spruce_log":12,"cobblemon:healing_machine":4,"minecraft:stone_axe":2,"cobblemon:silk_scarf":1,"minecraft:light_gray_carpet":1,"minecraft:stripped_dark_oak_log":6},"minecraft:broken":{"minecraft:stone_pickaxe":1}},"DataVersion":3465}