{"stats":{"minecraft:custom":{"minecraft:interact_with_crafting_table":92,"minecraft:open_barrel":8,"minecraft:leave_game":11,"minecraft:time_since_death":21224,"minecraft:sprint_one_cm":2107286,"minecraft:damage_blocked_by_shield":2625,"minecraft:drop":354,"minecraft:talked_to_villager":1,"minecraft:play_time":711137,"minecraft:deaths":52,"minecraft:jump":16960,"minecraft:interact_with_brewingstand":1,"minecraft:walk_on_water_one_cm":74480,"minecraft:interact_with_furnace":75,"minecraft:sleep_in_bed":26,"minecraft:damage_dealt":16092,"minecraft:player_kills":5,"minecraft:crouch_one_cm":19937,"minecraft:interact_with_smoker":4,"minecraft:inspect_dispenser":5,"minecraft:interact_with_anvil":1,"minecraft:mob_kills":149,"minecraft:inspect_hopper":13,"minecraft:climb_one_cm":24308,"minecraft:walk_one_cm":1439130,"minecraft:sneak_time":11099,"minecraft:walk_under_water_one_cm":79226,"minecraft:boat_one_cm":881019,"minecraft:interact_with_blast_furnace":3,"minecraft:total_world_time":711137,"minecraft:time_since_rest":21254,"minecraft:damage_taken":25522,"minecraft:damage_absorbed":80,"minecraft:swim_one_cm":352757,"minecraft:fly_one_cm":5001742,"minecraft:open_chest":114,"minecraft:fall_one_cm":486840},"minecraft:dropped":{"minecraft:iron_sword":1,"minecraft:moss_block":1,"minecraft:brown_mushroom":8,"minecraft:porkchop":2,"minecraft:cooked_beef":5,"cobblemon:blue_apricorn":1,"cobblemon:sun_stone":3,"minecraft:cooked_porkchop":1,"minecraft:decorated_pot":14,"minecraft:dark_oak_slab":2,"minecraft:crossbow":3,"cobblemon:persim_berry":20,"minecraft:leather":3,"minecraft:red_wool":1,"minecraft:cracked_stone_bricks":1,"travelersbackpack:standard":1,"minecraft:red_mushroom":10,"cobblemon:dusk_stone":1,"minecraft:flint":1,"minecraft:spruce_leaves":1,"minecraft:dirt":40,"minecraft:grass":5,"cobblemon:white_apricorn":1,"scguns:callwell":7,"minecraft:snowball":11,"minecraft:gold_nugget":22,"scguns:sandbag":2,"securitycraft:reinforced_dirt":2,"minecraft:iron_pickaxe":3,"cobblemon:great_ball":2,"minecraft:dark_oak_planks":1,"minecraft:white_wool":12,"scguns:small_copper_casing":19,"minecraft:bone":1,"cobblemon:ultra_ball":122,"minecraft:stone_axe":3,"minecraft:sugar_cane":1,"minecraft:iron_nugget":12,"minecraft:golden_chestplate":2,"cobblemon:big_root":4,"minecraft:cobbled_deepslate":1,"minecraft:obsidian":1,"cobblemon:cheri_berry":5,"minecraft:rotten_flesh":32,"minecraft:fern":2,"minecraft:light_gray_carpet":1,"cobblemon:nest_ball":1,"cobblemon:black_apricorn":1,"minecraft:cooked_mutton":1,"minecraft:golden_shovel":2,"minecraft:azure_bluet":3,"minecraft:salmon":1,"patchouli:guide_book":1,"cobblemon:never_melt_ice":1,"scguns:anthralite_nugget":1,"minecraft:poppy":1,"minecraft:rabbit_hide":2,"minecraft:tipped_arrow":1,"minecraft:gunpowder":6,"minecraft:ladder":3,"minecraft:white_dye":14,"minecraft:arrow":1,"minecraft:beef":9,"minecraft:stone_brick_stairs":1,"scguns:large_brass_casing":1,"minecraft:written_book":3,"minecraft:netherrack":6,"minecraft:iron_ingot":21,"minecraft:wheat_seeds":62,"minecraft:feather":1,"minecraft:cobblestone":2,"minecraft:coal":30,"minecraft:stick":5,"minecraft:jungle_slab":15,"scguns:compact_copper_round":6,"minecraft:sponge":1,"minecraft:torch":2,"cobblemon:payapa_berry":1,"scguns:grapeshot":10,"minecraft:brown_wool":1,"cobblemon:paralyze_heal":1,"minecraft:flowering_azalea":1,"minecraft:paper":3,"minecraft:string":4,"minecraft:polished_diorite":2,"cobblemon:rindo_berry":1,"minecraft:moss_carpet":1,"cobblemon:wepear_berry":1,"minecraft:sweet_berries":6,"cobblemon:black_augurite":3,"minecraft:bowl":3,"minecraft:raw_iron":1,"minecraft:chicken":2,"minecraft:white_carpet":2,"minecraft:light_gray_wool":3,"minecraft:smoker":1,"minecraft:stone_slab":1,"minecraft:filled_map":2,"cobblemon:apricorn_leaves":1,"cobblemon:timer_ball":1,"minecraft:shield":1,"minecraft:spruce_planks":30,"scguns:flintlock_pistol":1,"minecraft:spider_eye":6,"minecraft:bow":1,"minecraft:stone_pickaxe":1,"minecraft:raw_gold":1},"minecraft:broken":{"minecraft:shears":1,"minecraft:stone_pickaxe":1,"minecraft:stone_axe":1,"minecraft:golden_chestplate":1,"minecraft:shield":1,"minecraft:iron_pickaxe":1,"minecraft:iron_helmet":1},"minecraft:killed_by":{"minecraft:ghast":1,"cobblemon:pokemon":17,"minecraft:zombified_piglin":1,"minecraft:creeper":3,"scguns:redcoat":1,"minecraft:zombie":8,"scguns:cog_minion":1,"minecraft:vex":1,"minecraft:player":4,"minecraft:stray":1,"minecraft:skeleton":6,"minecraft:guardian":1,"securitycraft:sentry":1,"scguns:hornlin":2},"minecraft:mined":{"minecraft:dark_oak_planks":5,"minecraft:spruce_planks":11,"minecraft:spruce_trapdoor":1,"minecraft:grass_block":24,"minecraft:jungle_log":4,"minecraft:white_concrete":7,"minecraft:polished_diorite":1,"minecraft:hopper":7,"cobblemon:ice_stone_ore":2,"minecraft:tall_seagrass":2,"minecraft:glowstone":4,"minecraft:iron_ore":30,"minecraft:fire":27,"minecraft:moss_carpet":2,"minecraft:anvil":11,"minecraft:azure_bluet":7,"minecraft:azalea":4,"scguns:geothermal_vent":3,"minecraft:spruce_slab":1,"minecraft:deepslate_redstone_ore":8,"minecraft:red_bed":6,"scguns:supply_crate":1,"minecraft:smoker":3,"minecraft:powder_snow":2,"cobblemon:apricorn_leaves":141,"minecraft:poppy":2,"minecraft:chest":1,"minecraft:cobblestone":37,"minecraft:wall_torch":2,"minecraft:wheat":6,"minecraft:jukebox":1,"minecraft:stone_brick_stairs":2,"minecraft:grass":262,"minecraft:oak_log":6,"minecraft:sand":14,"minecraft:dirt":13,"minecraft:netherrack":81,"minecraft:oak_leaves":228,"minecraft:deepslate":11,"cobblemon:healing_machine":6,"minecraft:nether_gold_ore":46,"minecraft:deepslate_diamond_ore":3,"minecraft:stripped_birch_log":1,"cobblemon:cheri_berry":5,"minecraft:ladder":15,"minecraft:decorated_pot":15,"minecraft:redstone_wire":1,"travelersbackpack:white_sleeping_bag":4,"minecraft:spruce_leaves":20,"minecraft:moss_block":3,"minecraft:large_fern":1,"minecraft:hay_block":73,"minecraft:furnace":3,"minecraft:carrots":1,"cobblemon:black_apricorn":2,"minecraft:andesite":1,"minecraft:gold_block":5,"minecraft:potatoes":8,"minecraft:deepslate_iron_ore":38,"minecraft:vine":5,"minecraft:lantern":1,"minecraft:packed_ice":37,"minecraft:wet_sponge":1,"minecraft:stone":110,"minecraft:podzol":1,"minecraft:light_gray_carpet":1,"minecraft:flowering_azalea":1,"minecraft:glass_pane":20,"minecraft:stripped_dark_oak_log":16,"scguns:sandbag":1,"travelersbackpack:standard":2,"minecraft:crafting_table":14,"minecraft:stone_slab":1,"minecraft:tall_grass":75,"minecraft:deepslate_gold_ore":1,"minecraft:diorite":2,"cobblemon:relic_coin_pouch":9,"minecraft:sweet_berry_bush":6,"minecraft:ice":5,"minecraft:white_carpet":4,"minecraft:spruce_log":79,"minecraft:coal_ore":131,"minecraft:gravel":1,"minecraft:cracked_stone_bricks":3,"cobblemon:sun_stone_ore":3,"minecraft:stone_bricks":1,"minecraft:fern":13},"minecraft:killed":{"minecraft:zombified_piglin":1,"minecraft:spider":8,"minecraft:skeleton":15,"scguns:supply_scamp":2,"minecraft:guardian":2,"scguns:cog_knight":1,"minecraft:chicken":1,"minecraft:piglin":3,"minecraft:pig":1,"minecraft:iron_golem":1,"minecraft:creeper":5,"minecraft:sheep":2,"minecraft:zombie":28,"minecraft:stray":1,"minecraft:ghast":2,"minecraft:cow":1,"minecraft:evoker":1,"scguns:cog_minion":2,"minecraft:horse":1,"scguns:redcoat":1,"cobblemon:pokemon":33},"minecraft:used":{"minecraft:moss_carpet":2,"minecraft:spruce_slab":1,"minecraft:dispenser":1,"minecraft:ladder":12,"minecraft:poppy":1,"minecraft:chest":7,"minecraft:decorated_pot":3,"minecraft:shield":55,"minecraft:iron_sword":118,"minecraft:grass":9,"minecraft:rotten_flesh":3,"minecraft:iron_chestplate":2,"minecraft:snowball":1,"minecraft:spruce_boat":12,"minecraft:lantern":6,"minecraft:iron_helmet":1,"minecraft:stone_brick_stairs":1,"minecraft:stone_bricks":1,"minecraft:sweet_berries":2,"minecraft:written_book":1,"minecraft:oak_sapling":1,"minecraft:furnace":3,"minecraft:egg":6,"cobblemon:big_root":4,"minecraft:diorite":2,"minecraft:spruce_door":21,"minecraft:stripped_birch_log":1,"minecraft:oak_planks":10,"minecraft:stone_pickaxe":79,"minecraft:wooden_pickaxe":21,"minecraft:composter":2,"scguns:callwell":181,"minecraft:oak_leaves":187,"minecraft:golden_apple":3,"minecraft:sand":2,"minecraft:mushroom_stew":1,"cobblemon:yellow_apricorn_seed":16,"scguns:grenade":2,"minecraft:shears":349,"minecraft:string":1,"minecraft:bread":93,"minecraft:gravel":1,"minecraft:andesite":1,"minecraft:cooked_rabbit":2,"minecraft:white_concrete":5,"minecraft:bone_meal":74,"minecraft:flint_and_steel":22,"minecraft:redstone":1,"minecraft:spruce_planks":126,"minecraft:cooked_salmon":1,"minecraft:stone_hoe":55,"minecraft:netherrack":83,"minecraft:oak_door":1,"minecraft:torch":178,"minecraft:dirt":31,"minecraft:anvil":1,"cobblemon:yellow_apricorn":1,"minecraft:wheat":366,"minecraft:white_carpet":3,"minecraft:hopper":2,"minecraft:fern":3,"minecraft:dark_oak_planks":15,"minecraft:flowering_azalea":1,"minecraft:iron_axe":122,"minecraft:iron_boots":2,"minecraft:cooked_beef":30,"minecraft:cobbled_deepslate":9,"minecraft:acacia_planks":1,"minecraft:iron_leggings":2,"minecraft:wheat_seeds":1,"minecraft:cooked_mutton":27,"minecraft:acacia_boat":4,"minecraft:baked_potato":17,"minecraft:brown_mushroom":2,"minecraft:cracked_stone_bricks":2,"minecraft:crafting_table":18,"minecraft:red_bed":5,"cobblemon:black_apricorn_seed":17,"minecraft:cod":1,"minecraft:spruce_log":7,"cobblemon:healing_machine":4,"minecraft:smoker":1,"shroom_dealers:cheese":1,"cobblemon:apricorn_leaves":132,"minecraft:diamond_pickaxe":163,"minecraft:apple":4,"minecraft:iron_pickaxe":440,"travelersbackpack:white_sleeping_bag":3,"minecraft:spruce_trapdoor":1,"minecraft:stone_axe":188,"shroom_dealers:cooked_bay_bolete":2,"minecraft:cobblestone":104,"travelersbackpack:standard":19,"minecraft:cooked_porkchop":28,"scguns:geothermal_vent":3,"minecraft:splash_potion":1,"minecraft:jukebox":1,"cobblemon:blue_apricorn_seed":7},"minecraft:picked_up":{"minecraft:anvil":16,"minecraft:stone_slab":1,"minecraft:golden_shovel":1,"minecraft:stone_brick_stairs":2,"cobblemon:wepear_berry":3,"minecraft:string":16,"securitycraft:reinforced_dirt":2,"minecraft:gold_nugget":202,"minecraft:cobbled_deepslate":11,"minecraft:spruce_planks":26,"cobblemon:oran_berry":46,"minecraft:written_book":3,"minecraft:azalea":4,"minecraft:iron_pickaxe":3,"cobblemon:big_root":8,"minecraft:furnace":3,"minecraft:tipped_arrow":1,"minecraft:stick":5,"cobblemon:spell_tag":1,"minecraft:jukebox":1,"minecraft:torch":4,"minecraft:porkchop":2,"minecraft:diorite":2,"cobblemon:never_melt_ice":1,"minecraft:golden_chestplate":1,"minecraft:rotten_flesh":35,"cobblemon:sachet":1,"minecraft:cod":1,"minecraft:snowball":12,"minecraft:cobblestone":141,"minecraft:cooked_beef":27,"minecraft:feather":1,"cobblemon:great_ball":2,"cobblemon:ultra_ball":36,"minecraft:andesite":1,"minecraft:jungle_log":4,"minecraft:brown_wool":1,"minecraft:smoker":3,"minecraft:potato":14,"minecraft:flint":1,"minecraft:acacia_boat":3,"minecraft:stripped_birch_log":1,"minecraft:dirt":71,"minecraft:lantern":6,"cobblemon:x_special_attack":1,"minecraft:bone":15,"cobblemon:moon_ball":1,"minecraft:wheat_seeds":63,"minecraft:bow":1,"cobblemon:black_apricorn":138,"minecraft:raw_gold":1,"minecraft:glowstone_dust":24,"minecraft:moss_block":1,"cobblemon:sun_stone":3,"scguns:shotgun_shell":292,"minecraft:cooked_porkchop":29,"patchouli:guide_book":3,"cobblemon:ability_patch":6,"cobblemon:x_speed":1,"minecraft:sand":14,"cobblemon:persim_berry":20,"minecraft:jungle_slab":5,"travelersbackpack:white_sleeping_bag":3,"cobblemon:healing_machine":8,"minecraft:diamond":3,"minecraft:spruce_boat":11,"cobblemon:rindo_berry":1,"minecraft:crossbow":3,"minecraft:white_concrete":5,"minecraft:bone_meal":56,"minecraft:grass":14,"cobblemon:ice_stone":2,"minecraft:emerald":2,"minecraft:oak_sapling":1,"minecraft:light_gray_carpet":1,"minecraft:netherrack":89,"cobblemon:apricorn_leaves":133,"scguns:callwell":7,"minecraft:oak_leaves":187,"minecraft:spruce_leaves":1,"minecraft:crafting_table":14,"minecraft:azure_bluet":3,"scguns:sandbag":2,"minecraft:chicken":2,"minecraft:ladder":15,"cobblemon:yellow_apricorn":106,"cobblemon:blue_mint_leaf":18,"minecraft:brown_mushroom":10,"minecraft:cooked_rabbit":2,"minecraft:gold_block":5,"scguns:compact_copper_round":6,"minecraft:red_bed":5,"minecraft:moss_carpet":3,"scguns:small_copper_casing":24,"shroom_dealers:cheese":1,"cobblemon:white_apricorn":3,"minecraft:white_carpet":5,"minecraft:cracked_stone_bricks":3,"minecraft:beef":21,"cobblemon:relic_coin":172,"scguns:ancient_brass":2,"minecraft:light_gray_wool":2,"minecraft:poppy":2,"minecraft:spruce_slab":1,"minecraft:sugar_cane":1,"minecraft:chest":1,"cobblemon:master_ball":1,"minecraft:spruce_trapdoor":1,"minecraft:egg":6,"minecraft:raw_iron":71,"shroom_dealers:cooked_bay_bolete":2,"minecraft:oak_door":1,"minecraft:bowl":2,"minecraft:redstone":46,"minecraft:dark_oak_planks":5,"cobblemon:dawn_stone":1,"minecraft:arrow":33,"minecraft:decorated_pot":17,"minecraft:hay_block":70,"cobblemon:black_augurite":4,"minecraft:gold_ingot":2,"minecraft:totem_of_undying":1,"cobblemon:blue_apricorn":1,"minecraft:white_wool":15,"minecraft:wet_sponge":1,"minecraft:air":0,"minecraft:salmon":2,"minecraft:leather":24,"minecraft:fern":5,"minecraft:red_mushroom":10,"minecraft:filled_map":1,"minecraft:mushroom_stew":1,"minecraft:oak_log":5,"minecraft:gunpowder":6,"scguns:large_brass_casing":2,"scguns:anthralite_nugget":1,"minecraft:cooked_mutton":24,"minecraft:stone_bricks":1,"minecraft:iron_ingot":30,"minecraft:iron_sword":1,"minecraft:flowering_azalea":2,"scguns:geothermal_vent":3,"minecraft:sweet_berries":8,"cobblemon:payapa_berry":1,"cobblemon:black_apricorn_seed":18,"minecraft:red_wool":1,"cobblemon:blue_apricorn_seed":7,"minecraft:gravel":1,"cobblemon:cheri_berry":5,"cobblemon:yellow_apricorn_seed":16,"cobblemon:pink_apricorn":4,"minecraft:spruce_log":73,"minecraft:spider_eye":6,"travelersbackpack:standard":3,"minecraft:polished_diorite":2,"minecraft:stone_axe":2,"cobblemon:silk_scarf":2,"minecraft:baked_potato":55,"minecraft:stripped_dark_oak_log":17,"minecraft:coal":131,"minecraft:hopper":7},"minecraft:crafted":{"minecraft:oak_planks":20,"minecraft:stone":6,"minecraft:cooked_mutton":4,"minecraft:glass":12,"minecraft:repeater":2,"minecraft:bow":1,"minecraft:iron_boots":3,"minecraft:chest":7,"minecraft:stone_hoe":1,"minecraft:crafting_table":4,"minecraft:spruce_planks":264,"minecraft:iron_helmet":2,"minecraft:wooden_pickaxe":1,"travelersbackpack:standard":1,"minecraft:spruce_door":21,"minecraft:dispenser":1,"minecraft:iron_chestplate":3,"minecraft:diamond_pickaxe":1,"minecraft:shield":2,"naturescompass:naturescompass":1,"minecraft:stick":92,"minecraft:iron_ingot":65,"minecraft:compass":1,"minecraft:iron_pickaxe":3,"minecraft:gold_ingot":63,"minecraft:redstone_torch":4,"minecraft:composter":2,"minecraft:sponge":1,"minecraft:shears":2,"minecraft:furnace":1,"minecraft:bone_meal":18,"travelersbackpack:white_sleeping_bag":1,"minecraft:iron_axe":1,"minecraft:stone_pickaxe":2,"minecraft:spruce_boat":2,"minecraft:dark_oak_planks":52,"minecraft:wheat":630,"minecraft:cooked_beef":8,"travelersbackpack:backpack_tank":2,"minecraft:iron_sword":1,"minecraft:cooked_salmon":1,"minecraft:stone_axe":2,"minecraft:acacia_boat":1,"minecraft:jungle_slab":24,"minecraft:bread":88,"minecraft:air":0,"minecraft:jungle_planks":16,"minecraft:gold_nugget":63,"minecraft:iron_leggings":3,"minecraft:acacia_planks":8,"minecraft:torch":176,"cobblemon:ultra_ball":208}},"DataVersion":3465}