{"stats":{"minecraft:killed_by":{"cobblemon:pokemon":3,"minecraft:stray":1,"minecraft:skeleton":2,"minecraft:zombie":3},"minecraft:dropped":{"minecraft:brown_mushroom":8,"minecraft:wheat_seeds":35,"cobblemon:blue_apricorn":1,"minecraft:decorated_pot":5,"minecraft:leather":2,"minecraft:red_wool":1,"minecraft:red_mushroom":10,"minecraft:stick":1,"minecraft:dirt":9,"minecraft:brown_wool":1,"minecraft:snowball":11,"cobblemon:paralyze_heal":1,"minecraft:flowering_azalea":1,"minecraft:iron_pickaxe":1,"minecraft:white_wool":4,"minecraft:bone":1,"minecraft:moss_carpet":1,"minecraft:stone_axe":3,"cobblemon:wepear_berry":1,"minecraft:iron_nugget":6,"cobblemon:black_augurite":3,"minecraft:golden_chestplate":2,"minecraft:bowl":3,"cobblemon:cheri_berry":5,"minecraft:light_gray_carpet":1,"cobblemon:nest_ball":1,"cobblemon:black_apricorn":1,"minecraft:golden_shovel":2,"patchouli:guide_book":1,"minecraft:poppy":1,"minecraft:shield":1,"minecraft:spruce_planks":1,"minecraft:white_dye":14,"minecraft:arrow":1,"minecraft:stone_pickaxe":1,"minecraft:beef":3,"minecraft:written_book":2},"minecraft:used":{"minecraft:moss_carpet":1,"minecraft:flint_and_steel":22,"minecraft:ladder":4,"minecraft:chest":2,"minecraft:decorated_pot":3,"minecraft:spruce_planks":28,"minecraft:shield":9,"minecraft:cooked_salmon":1,"minecraft:rotten_flesh":3,"minecraft:oak_door":1,"minecraft:dirt":16,"minecraft:white_carpet":3,"minecraft:dark_oak_planks":15,"minecraft:flowering_azalea":1,"minecraft:sweet_berries":2,"minecraft:written_book":1,"minecraft:egg":1,"minecraft:cooked_beef":5,"minecraft:cooked_mutton":11,"minecraft:stone_pickaxe":79,"minecraft:wooden_pickaxe":21,"minecraft:sand":2,"minecraft:crafting_table":6,"minecraft:red_bed":5,"minecraft:mushroom_stew":1,"cobblemon:healing_machine":3,"minecraft:smoker":1,"shroom_dealers:cheese":1,"travelersbackpack:white_sleeping_bag":1,"minecraft:iron_pickaxe":59,"minecraft:bread":4,"minecraft:spruce_trapdoor":1,"shroom_dealers:cooked_bay_bolete":2,"minecraft:stone_axe":121,"minecraft:cobblestone":15,"minecraft:cooked_rabbit":2},"minecraft:crafted":{"minecraft:oak_planks":16,"minecraft:glass":12,"travelersbackpack:white_sleeping_bag":1,"minecraft:stone_pickaxe":2,"minecraft:chest":1,"minecraft:dark_oak_planks":24,"minecraft:wheat":126,"minecraft:cooked_beef":5,"minecraft:crafting_table":2,"minecraft:spruce_planks":48,"travelersbackpack:backpack_tank":2,"minecraft:wooden_pickaxe":1,"minecraft:cooked_salmon":1,"minecraft:stone_axe":2,"minecraft:bread":42,"minecraft:air":0,"minecraft:shield":2,"minecraft:stick":12,"minecraft:iron_ingot":4,"minecraft:iron_pickaxe":2},"minecraft:mined":{"minecraft:dark_oak_planks":5,"cobblemon:healing_machine":5,"cobblemon:cheri_berry":5,"minecraft:spruce_trapdoor":1,"minecraft:ladder":4,"minecraft:grass_block":10,"minecraft:decorated_pot":6,"travelersbackpack:white_sleeping_bag":1,"minecraft:spruce_leaves":8,"minecraft:moss_block":1,"minecraft:hay_block":30,"minecraft:glowstone":4,"minecraft:furnace":1,"minecraft:carrots":1,"minecraft:iron_ore":2,"minecraft:fire":19,"minecraft:moss_carpet":1,"minecraft:anvil":10,"minecraft:azure_bluet":2,"minecraft:potatoes":8,"minecraft:packed_ice":1,"minecraft:stone":7,"minecraft:podzol":1,"minecraft:light_gray_carpet":1,"minecraft:flowering_azalea":1,"minecraft:red_bed":6,"minecraft:smoker":1,"minecraft:stripped_dark_oak_log":6,"minecraft:crafting_table":4,"cobblemon:apricorn_leaves":3,"minecraft:poppy":2,"minecraft:chest":1,"minecraft:tall_grass":10,"minecraft:cobblestone":26,"cobblemon:relic_coin_pouch":2,"minecraft:wheat":6,"minecraft:sweet_berry_bush":2,"minecraft:ice":4,"minecraft:white_carpet":3,"minecraft:spruce_log":12,"minecraft:grass":71,"minecraft:oak_log":4,"minecraft:coal_ore":1,"minecraft:sand":14,"minecraft:dirt":8,"minecraft:fern":4},"minecraft:custom":{"minecraft:mob_kills":26,"minecraft:inspect_hopper":9,"minecraft:interact_with_crafting_table":19,"minecraft:open_barrel":5,"minecraft:leave_game":2,"minecraft:time_since_death":23138,"minecraft:climb_one_cm":2748,"minecraft:sprint_one_cm":463702,"minecraft:walk_one_cm":367085,"minecraft:damage_blocked_by_shield":375,"minecraft:drop":104,"minecraft:talked_to_villager":1,"minecraft:play_time":162439,"minecraft:deaths":11,"minecraft:sneak_time":3165,"minecraft:walk_under_water_one_cm":11018,"minecraft:boat_one_cm":10584,"minecraft:jump":4098,"minecraft:walk_on_water_one_cm":13823,"minecraft:total_world_time":162439,"minecraft:interact_with_furnace":23,"minecraft:sleep_in_bed":13,"minecraft:time_since_rest":4343,"minecraft:damage_taken":4436,"minecraft:damage_dealt":5983,"minecraft:swim_one_cm":49842,"minecraft:fly_one_cm":1270517,"minecraft:open_chest":20,"minecraft:crouch_one_cm":6789,"minecraft:interact_with_smoker":2,"minecraft:fall_one_cm":95138,"minecraft:inspect_dispenser":3},"minecraft:killed":{"minecraft:spider":2,"minecraft:skeleton":3,"cobblemon:pokemon":7,"minecraft:iron_golem":1,"minecraft:sheep":2,"minecraft:zombie":10},"minecraft:picked_up":{"minecraft:crafting_table":4,"minecraft:ladder":4,"minecraft:anvil":16,"cobblemon:blue_mint_leaf":18,"minecraft:brown_mushroom":8,"minecraft:cooked_rabbit":2,"minecraft:golden_shovel":1,"cobblemon:wepear_berry":3,"minecraft:red_bed":5,"minecraft:string":6,"minecraft:moss_carpet":2,"shroom_dealers:cheese":1,"cobblemon:white_apricorn":2,"minecraft:white_carpet":3,"minecraft:spruce_planks":1,"minecraft:beef":12,"cobblemon:oran_berry":46,"cobblemon:relic_coin":16,"minecraft:written_book":3,"minecraft:poppy":1,"minecraft:iron_pickaxe":1,"minecraft:chest":1,"minecraft:spruce_trapdoor":1,"minecraft:furnace":1,"minecraft:egg":1,"minecraft:stick":3,"minecraft:raw_iron":3,"shroom_dealers:cooked_bay_bolete":2,"minecraft:oak_door":1,"cobblemon:spell_tag":1,"minecraft:bowl":2,"minecraft:golden_chestplate":1,"minecraft:dark_oak_planks":5,"minecraft:arrow":18,"minecraft:rotten_flesh":3,"minecraft:decorated_pot":8,"cobblemon:sachet":1,"minecraft:hay_block":30,"cobblemon:black_augurite":4,"minecraft:cobblestone":31,"cobblemon:blue_apricorn":1,"minecraft:snowball":11,"minecraft:white_wool":7,"minecraft:salmon":1,"minecraft:brown_wool":1,"minecraft:leather":7,"minecraft:smoker":1,"minecraft:red_mushroom":10,"minecraft:potato":14,"minecraft:mushroom_stew":1,"minecraft:oak_log":4,"minecraft:dirt":25,"cobblemon:x_special_attack":1,"minecraft:cooked_mutton":11,"minecraft:bone":1,"cobblemon:black_apricorn":7,"minecraft:wheat_seeds":35,"minecraft:iron_ingot":5,"minecraft:glowstone_dust":24,"minecraft:flowering_azalea":2,"minecraft:sweet_berries":2,"patchouli:guide_book":3,"cobblemon:black_apricorn_seed":2,"minecraft:red_wool":1,"cobblemon:x_speed":1,"cobblemon:cheri_berry":5,"minecraft:sand":14,"cobblemon:persim_berry":20,"cobblemon:pink_apricorn":4,"minecraft:spruce_log":12,"travelersbackpack:white_sleeping_bag":1,"cobblemon:healing_machine":7,"minecraft:stone_axe":2,"minecraft:emerald":1,"cobblemon:silk_scarf":2,"minecraft:light_gray_carpet":1,"minecraft:stripped_dark_oak_log":6,"minecraft:coal":1},"minecraft:broken":{"minecraft:stone_pickaxe":1}},"DataVersion":3465}