{"stats":{"minecraft:custom":{"minecraft:interact_with_crafting_table":75,"minecraft:open_barrel":8,"minecraft:leave_game":11,"minecraft:time_since_death":11101,"minecraft:sprint_one_cm":1563079,"minecraft:damage_blocked_by_shield":2625,"minecraft:drop":289,"minecraft:talked_to_villager":1,"minecraft:play_time":515636,"minecraft:deaths":44,"minecraft:jump":12829,"minecraft:walk_on_water_one_cm":29034,"minecraft:interact_with_furnace":72,"minecraft:sleep_in_bed":23,"minecraft:damage_dealt":15266,"minecraft:player_kills":5,"minecraft:crouch_one_cm":18502,"minecraft:interact_with_smoker":3,"minecraft:inspect_dispenser":5,"minecraft:mob_kills":122,"minecraft:interact_with_anvil":1,"minecraft:inspect_hopper":13,"minecraft:climb_one_cm":11767,"minecraft:walk_one_cm":1157088,"minecraft:sneak_time":9551,"minecraft:walk_under_water_one_cm":21217,"minecraft:boat_one_cm":300329,"minecraft:total_world_time":515636,"minecraft:time_since_rest":11123,"minecraft:damage_taken":20608,"minecraft:swim_one_cm":188469,"minecraft:fly_one_cm":3571122,"minecraft:open_chest":81,"minecraft:fall_one_cm":388278},"minecraft:dropped":{"minecraft:iron_sword":1,"minecraft:brown_mushroom":8,"minecraft:porkchop":2,"minecraft:cooked_beef":5,"cobblemon:blue_apricorn":1,"cobblemon:sun_stone":3,"minecraft:cooked_porkchop":1,"minecraft:decorated_pot":14,"minecraft:dark_oak_slab":2,"minecraft:crossbow":3,"minecraft:leather":2,"minecraft:red_wool":1,"travelersbackpack:standard":1,"minecraft:red_mushroom":10,"minecraft:flint":1,"minecraft:spruce_leaves":1,"minecraft:dirt":40,"minecraft:grass":5,"cobblemon:white_apricorn":1,"scguns:callwell":4,"minecraft:snowball":11,"minecraft:gold_nugget":22,"securitycraft:reinforced_dirt":2,"minecraft:iron_pickaxe":3,"cobblemon:great_ball":2,"minecraft:dark_oak_planks":1,"minecraft:white_wool":6,"scguns:small_copper_casing":14,"minecraft:bone":1,"cobblemon:ultra_ball":89,"minecraft:stone_axe":3,"minecraft:iron_nugget":12,"minecraft:cobbled_deepslate":1,"minecraft:golden_chestplate":2,"cobblemon:big_root":4,"cobblemon:cheri_berry":5,"minecraft:rotten_flesh":19,"minecraft:fern":2,"minecraft:light_gray_carpet":1,"cobblemon:nest_ball":1,"cobblemon:black_apricorn":1,"minecraft:cooked_mutton":1,"minecraft:golden_shovel":2,"minecraft:azure_bluet":2,"patchouli:guide_book":1,"minecraft:poppy":1,"minecraft:rabbit_hide":2,"minecraft:tipped_arrow":1,"minecraft:gunpowder":4,"minecraft:white_dye":14,"minecraft:arrow":1,"minecraft:beef":6,"minecraft:stone_brick_stairs":1,"scguns:large_brass_casing":1,"minecraft:written_book":3,"minecraft:netherrack":6,"minecraft:wheat_seeds":49,"minecraft:feather":1,"minecraft:cobblestone":2,"minecraft:coal":30,"minecraft:stick":5,"minecraft:jungle_slab":15,"minecraft:torch":2,"scguns:grapeshot":10,"minecraft:brown_wool":1,"cobblemon:paralyze_heal":1,"minecraft:flowering_azalea":1,"minecraft:paper":3,"minecraft:string":2,"minecraft:polished_diorite":2,"minecraft:moss_carpet":1,"cobblemon:wepear_berry":1,"minecraft:sweet_berries":6,"cobblemon:black_augurite":3,"minecraft:bowl":3,"minecraft:raw_iron":1,"minecraft:chicken":1,"minecraft:light_gray_wool":3,"minecraft:smoker":1,"cobblemon:apricorn_leaves":1,"minecraft:shield":1,"cobblemon:timer_ball":1,"minecraft:spruce_planks":29,"scguns:flintlock_pistol":1,"minecraft:spider_eye":6,"minecraft:bow":1,"minecraft:stone_pickaxe":1,"minecraft:raw_gold":1},"minecraft:broken":{"minecraft:shears":1,"minecraft:stone_pickaxe":1,"minecraft:stone_axe":1,"minecraft:golden_chestplate":1,"minecraft:shield":1,"minecraft:iron_pickaxe":1},"minecraft:killed_by":{"minecraft:ghast":1,"cobblemon:pokemon":13,"minecraft:zombified_piglin":1,"minecraft:creeper":3,"scguns:redcoat":1,"minecraft:zombie":8,"minecraft:player":4,"minecraft:stray":1,"minecraft:skeleton":5,"securitycraft:sentry":1,"scguns:hornlin":2},"minecraft:mined":{"minecraft:dark_oak_planks":5,"minecraft:spruce_planks":11,"minecraft:spruce_trapdoor":1,"minecraft:grass_block":24,"minecraft:jungle_log":4,"minecraft:white_concrete":7,"minecraft:polished_diorite":1,"minecraft:hopper":7,"cobblemon:ice_stone_ore":2,"minecraft:tall_seagrass":1,"minecraft:glowstone":4,"minecraft:iron_ore":30,"minecraft:fire":27,"minecraft:moss_carpet":2,"minecraft:anvil":11,"minecraft:azure_bluet":5,"scguns:geothermal_vent":3,"minecraft:deepslate_redstone_ore":8,"minecraft:red_bed":6,"minecraft:smoker":3,"minecraft:powder_snow":2,"cobblemon:apricorn_leaves":141,"minecraft:poppy":2,"minecraft:chest":1,"minecraft:cobblestone":37,"minecraft:wall_torch":2,"minecraft:wheat":6,"minecraft:stone_brick_stairs":1,"minecraft:grass":228,"minecraft:oak_log":6,"minecraft:sand":14,"minecraft:dirt":13,"minecraft:netherrack":81,"minecraft:oak_leaves":220,"minecraft:deepslate":11,"cobblemon:healing_machine":6,"minecraft:nether_gold_ore":46,"minecraft:deepslate_diamond_ore":3,"cobblemon:cheri_berry":5,"minecraft:ladder":8,"minecraft:decorated_pot":15,"travelersbackpack:white_sleeping_bag":4,"minecraft:spruce_leaves":13,"minecraft:moss_block":2,"minecraft:large_fern":1,"minecraft:hay_block":73,"minecraft:furnace":3,"minecraft:carrots":1,"cobblemon:black_apricorn":2,"minecraft:gold_block":2,"minecraft:potatoes":8,"minecraft:deepslate_iron_ore":38,"minecraft:vine":5,"minecraft:lantern":1,"minecraft:packed_ice":4,"minecraft:stone":95,"minecraft:podzol":1,"minecraft:light_gray_carpet":1,"minecraft:flowering_azalea":1,"minecraft:glass_pane":20,"minecraft:stripped_dark_oak_log":12,"travelersbackpack:standard":2,"minecraft:crafting_table":11,"minecraft:tall_grass":59,"minecraft:deepslate_gold_ore":1,"minecraft:diorite":2,"cobblemon:relic_coin_pouch":4,"minecraft:sweet_berry_bush":6,"minecraft:ice":4,"minecraft:white_carpet":3,"minecraft:spruce_log":73,"minecraft:coal_ore":131,"minecraft:gravel":1,"cobblemon:sun_stone_ore":3,"minecraft:fern":11},"minecraft:killed":{"minecraft:zombified_piglin":1,"minecraft:spider":8,"minecraft:skeleton":15,"scguns:supply_scamp":1,"minecraft:chicken":1,"minecraft:piglin":3,"minecraft:pig":1,"minecraft:iron_golem":1,"minecraft:creeper":5,"minecraft:sheep":2,"minecraft:zombie":24,"minecraft:stray":1,"minecraft:ghast":2,"minecraft:cow":1,"minecraft:horse":1,"scguns:redcoat":1,"cobblemon:pokemon":23},"minecraft:used":{"minecraft:moss_carpet":2,"minecraft:dispenser":1,"minecraft:ladder":8,"minecraft:poppy":1,"minecraft:chest":4,"minecraft:decorated_pot":3,"minecraft:shield":55,"minecraft:iron_sword":108,"minecraft:grass":9,"minecraft:rotten_flesh":3,"minecraft:iron_chestplate":1,"minecraft:lantern":6,"minecraft:iron_helmet":1,"minecraft:sweet_berries":2,"minecraft:written_book":1,"minecraft:oak_sapling":1,"minecraft:furnace":3,"cobblemon:big_root":4,"minecraft:egg":4,"minecraft:diorite":2,"minecraft:stone_pickaxe":79,"minecraft:oak_planks":10,"minecraft:wooden_pickaxe":21,"minecraft:composter":2,"scguns:callwell":118,"minecraft:oak_leaves":187,"minecraft:sand":2,"minecraft:mushroom_stew":1,"cobblemon:yellow_apricorn_seed":16,"minecraft:shears":349,"minecraft:bread":88,"minecraft:string":1,"minecraft:gravel":1,"minecraft:cooked_rabbit":2,"minecraft:white_concrete":5,"minecraft:bone_meal":74,"minecraft:flint_and_steel":22,"minecraft:spruce_planks":111,"minecraft:cooked_salmon":1,"minecraft:stone_hoe":55,"minecraft:netherrack":83,"minecraft:oak_door":1,"minecraft:torch":178,"minecraft:dirt":31,"minecraft:anvil":1,"cobblemon:yellow_apricorn":1,"minecraft:wheat":366,"minecraft:white_carpet":3,"minecraft:hopper":2,"minecraft:fern":3,"minecraft:dark_oak_planks":15,"minecraft:flowering_azalea":1,"minecraft:iron_axe":80,"minecraft:iron_boots":1,"minecraft:cooked_beef":20,"minecraft:cobbled_deepslate":9,"minecraft:acacia_planks":1,"minecraft:iron_leggings":1,"minecraft:wheat_seeds":1,"minecraft:cooked_mutton":16,"minecraft:acacia_boat":4,"minecraft:brown_mushroom":2,"minecraft:crafting_table":13,"minecraft:red_bed":5,"cobblemon:black_apricorn_seed":16,"minecraft:spruce_log":7,"cobblemon:healing_machine":4,"minecraft:smoker":1,"shroom_dealers:cheese":1,"cobblemon:apricorn_leaves":132,"minecraft:diamond_pickaxe":124,"minecraft:iron_pickaxe":440,"travelersbackpack:white_sleeping_bag":3,"minecraft:spruce_trapdoor":1,"minecraft:stone_axe":188,"shroom_dealers:cooked_bay_bolete":2,"minecraft:cobblestone":89,"travelersbackpack:standard":13,"minecraft:cooked_porkchop":22,"scguns:geothermal_vent":3,"cobblemon:blue_apricorn_seed":7},"minecraft:picked_up":{"minecraft:anvil":16,"minecraft:golden_shovel":1,"minecraft:stone_brick_stairs":1,"cobblemon:wepear_berry":3,"minecraft:string":14,"securitycraft:reinforced_dirt":2,"minecraft:cobbled_deepslate":11,"minecraft:gold_nugget":202,"minecraft:spruce_planks":26,"cobblemon:oran_berry":46,"minecraft:written_book":3,"minecraft:iron_pickaxe":3,"cobblemon:big_root":8,"minecraft:furnace":3,"minecraft:tipped_arrow":1,"minecraft:stick":5,"cobblemon:spell_tag":1,"minecraft:torch":4,"minecraft:porkchop":2,"minecraft:diorite":2,"minecraft:golden_chestplate":1,"minecraft:rotten_flesh":22,"cobblemon:sachet":1,"minecraft:snowball":11,"minecraft:cobblestone":126,"minecraft:cooked_beef":22,"minecraft:feather":1,"cobblemon:great_ball":2,"cobblemon:ultra_ball":19,"minecraft:jungle_log":4,"minecraft:brown_wool":1,"minecraft:smoker":3,"minecraft:potato":14,"minecraft:flint":1,"minecraft:acacia_boat":3,"minecraft:dirt":71,"minecraft:lantern":6,"cobblemon:x_special_attack":1,"minecraft:bone":15,"cobblemon:moon_ball":1,"minecraft:wheat_seeds":50,"minecraft:bow":1,"cobblemon:black_apricorn":121,"minecraft:raw_gold":1,"minecraft:glowstone_dust":24,"cobblemon:sun_stone":3,"scguns:shotgun_shell":292,"minecraft:cooked_porkchop":24,"patchouli:guide_book":3,"cobblemon:x_speed":1,"minecraft:sand":14,"cobblemon:persim_berry":20,"minecraft:jungle_slab":5,"travelersbackpack:white_sleeping_bag":3,"cobblemon:healing_machine":8,"minecraft:diamond":3,"minecraft:crossbow":3,"cobblemon:ice_stone":2,"minecraft:grass":14,"minecraft:bone_meal":56,"minecraft:white_concrete":5,"minecraft:emerald":1,"minecraft:oak_sapling":1,"minecraft:light_gray_carpet":1,"minecraft:netherrack":89,"cobblemon:apricorn_leaves":133,"scguns:callwell":4,"minecraft:oak_leaves":187,"minecraft:spruce_leaves":1,"minecraft:crafting_table":11,"minecraft:azure_bluet":2,"minecraft:chicken":1,"minecraft:ladder":8,"cobblemon:yellow_apricorn":106,"cobblemon:blue_mint_leaf":18,"minecraft:brown_mushroom":10,"minecraft:cooked_rabbit":2,"minecraft:gold_block":2,"minecraft:red_bed":5,"minecraft:moss_carpet":3,"scguns:small_copper_casing":15,"shroom_dealers:cheese":1,"cobblemon:white_apricorn":3,"minecraft:white_carpet":3,"minecraft:beef":18,"cobblemon:relic_coin":63,"scguns:ancient_brass":1,"minecraft:poppy":2,"minecraft:light_gray_wool":2,"minecraft:chest":1,"cobblemon:master_ball":1,"minecraft:spruce_trapdoor":1,"minecraft:egg":4,"minecraft:raw_iron":71,"shroom_dealers:cooked_bay_bolete":2,"minecraft:oak_door":1,"minecraft:bowl":2,"minecraft:redstone":45,"minecraft:dark_oak_planks":5,"minecraft:arrow":33,"minecraft:decorated_pot":17,"minecraft:hay_block":70,"cobblemon:black_augurite":4,"minecraft:gold_ingot":2,"cobblemon:blue_apricorn":1,"minecraft:white_wool":9,"minecraft:air":0,"minecraft:salmon":1,"minecraft:leather":19,"minecraft:fern":5,"minecraft:red_mushroom":10,"minecraft:mushroom_stew":1,"minecraft:oak_log":5,"minecraft:gunpowder":4,"scguns:large_brass_casing":1,"minecraft:cooked_mutton":20,"minecraft:iron_ingot":9,"minecraft:iron_sword":1,"minecraft:flowering_azalea":2,"scguns:geothermal_vent":3,"minecraft:sweet_berries":8,"cobblemon:black_apricorn_seed":17,"minecraft:red_wool":1,"cobblemon:blue_apricorn_seed":7,"minecraft:gravel":1,"cobblemon:cheri_berry":5,"cobblemon:yellow_apricorn_seed":16,"cobblemon:pink_apricorn":4,"minecraft:spruce_log":67,"minecraft:spider_eye":6,"travelersbackpack:standard":3,"minecraft:polished_diorite":2,"minecraft:stone_axe":2,"cobblemon:silk_scarf":2,"minecraft:stripped_dark_oak_log":13,"minecraft:coal":131,"minecraft:hopper":7},"minecraft:crafted":{"minecraft:oak_planks":20,"minecraft:stone":6,"minecraft:glass":12,"minecraft:repeater":2,"minecraft:bow":1,"minecraft:iron_boots":1,"minecraft:chest":4,"minecraft:stone_hoe":1,"minecraft:crafting_table":3,"minecraft:spruce_planks":240,"minecraft:wooden_pickaxe":1,"travelersbackpack:standard":1,"minecraft:iron_helmet":1,"minecraft:dispenser":1,"minecraft:iron_chestplate":1,"minecraft:diamond_pickaxe":1,"minecraft:shield":2,"minecraft:stick":92,"minecraft:iron_pickaxe":3,"minecraft:iron_ingot":36,"minecraft:gold_ingot":45,"minecraft:redstone_torch":4,"minecraft:composter":2,"minecraft:shears":2,"minecraft:furnace":1,"minecraft:bone_meal":18,"travelersbackpack:white_sleeping_bag":1,"minecraft:iron_axe":1,"minecraft:stone_pickaxe":2,"minecraft:dark_oak_planks":52,"minecraft:wheat":630,"minecraft:cooked_beef":8,"travelersbackpack:backpack_tank":2,"minecraft:iron_sword":1,"minecraft:cooked_salmon":1,"minecraft:stone_axe":2,"minecraft:jungle_slab":24,"minecraft:bread":88,"minecraft:acacia_boat":1,"minecraft:air":0,"minecraft:jungle_planks":16,"minecraft:gold_nugget":63,"minecraft:iron_leggings":1,"minecraft:acacia_planks":8,"minecraft:torch":176,"cobblemon:ultra_ball":184}},"DataVersion":3465}