{"stats":{"minecraft:killed_by":{"cobblemon:pokemon":3,"minecraft:player":5,"minecraft:creeper":2,"minecraft:spider":1,"minecraft:cave_spider":1,"minecraft:skeleton":8,"minecraft:guardian":1,"minecraft:zombie":3},"minecraft:used":{"minecraft:stone_sword":117,"megamons:anistarite_rough_geode_block":2,"minecraft:spruce_planks":6,"minecraft:shield":10,"minecraft:iron_sword":34,"minecraft:rotten_flesh":8,"minecraft:iron_chestplate":1,"minecraft:torch":13,"minecraft:mutton":2,"minecraft:carrot":9,"shroom_dealers:cooked_toadstool":2,"minecraft:iron_helmet":1,"minecraft:iron_boots":1,"minecraft:bow":2,"minecraft:furnace":5,"minecraft:cooked_beef":4,"minecraft:cobbled_deepslate":48,"minecraft:water_bucket":42,"minecraft:leather_leggings":1,"minecraft:amethyst_block":2,"minecraft:stone_pickaxe":131,"minecraft:wooden_pickaxe":18,"minecraft:tnt":2,"minecraft:crafting_table":9,"minecraft:mushroom_stew":1,"minecraft:white_bed":7,"cobblemon:healing_machine":3,"minecraft:bread":19,"minecraft:iron_pickaxe":245,"minecraft:suspicious_stew":2,"minecraft:spruce_pressure_plate":1,"minecraft:leather_helmet":1,"minecraft:spruce_sapling":3,"minecraft:golden_leggings":1,"minecraft:stone_axe":14,"minecraft:cobblestone":13,"minecraft:andesite":9,"minecraft:poisonous_potato":2,"minecraft:bucket":43},"minecraft:dropped":{"minecraft:water_bucket":1,"minecraft:bread":2,"minecraft:iron_sword":1,"cobblemon:wacan_berry":6,"minecraft:cooked_beef":9,"minecraft:diamond":1,"minecraft:cobblestone":3,"minecraft:coal":4,"minecraft:mushroom_stew":1,"minecraft:red_mushroom":5,"minecraft:flint":3,"minecraft:diamond_horse_armor":1,"minecraft:dirt":3,"minecraft:diorite":10,"minecraft:white_concrete":1,"minecraft:coast_armor_trim_smithing_template":4,"cobblemon:green_apricorn":1,"cobblemon:x_special_defence":1,"minecraft:string":2,"shroom_dealers:cheese":1,"minecraft:bone":1,"minecraft:gravel":2,"minecraft:sugar_cane":21,"minecraft:iron_nugget":10,"minecraft:stone_sword":1,"minecraft:bowl":3,"minecraft:tuff":16,"megamons:anistarite_geode_block":1,"minecraft:rabbit_hide":4,"megamons:anistarite_rough_geode_block":12,"minecraft:shield":1,"minecraft:gunpowder":1,"minecraft:andesite":11,"minecraft:beetroot_seeds":3,"minecraft:spider_eye":1,"minecraft:wooden_pickaxe":2,"minecraft:beef":3},"minecraft:crafted":{"minecraft:raw_iron":18,"minecraft:furnace":2,"minecraft:spruce_pressure_plate":1,"minecraft:glass":8,"minecraft:iron_boots":1,"minecraft:stone_pickaxe":1,"minecraft:cooked_beef":8,"minecraft:crafting_table":3,"minecraft:spruce_planks":48,"minecraft:iron_helmet":1,"minecraft:wooden_pickaxe":1,"travelersbackpack:brown_sleeping_bag":1,"minecraft:stone_axe":1,"minecraft:air":0,"minecraft:white_wool":3,"minecraft:iron_chestplate":1,"minecraft:shield":1,"minecraft:stick":12,"minecraft:iron_ingot":56,"minecraft:iron_pickaxe":1,"minecraft:stone_sword":1,"minecraft:gold_ingot":19,"minecraft:white_bed":1,"minecraft:torch":12},"minecraft:mined":{"minecraft:tuff":16,"minecraft:spruce_planks":7,"minecraft:white_bed":6,"minecraft:deepslate_diamond_ore":2,"minecraft:grass_block":1,"megamons:crystal_fire_stone_ore":1,"minecraft:brown_mushroom_block":1,"minecraft:spruce_leaves":14,"minecraft:raw_iron_block":2,"minecraft:furnace":3,"minecraft:iron_ore":12,"minecraft:fire":10,"minecraft:andesite":14,"minecraft:gold_block":1,"minecraft:deepslate_iron_ore":25,"minecraft:shroomlight":1,"minecraft:packed_ice":39,"minecraft:stone":64,"megamons:crystal_leaf_stone_ore":1,"megamons:anistarite_rough_geode_block":10,"megamons:anistarite_geode_block":31,"minecraft:amethyst_cluster":2,"minecraft:powder_snow":23,"minecraft:crafting_table":7,"minecraft:torch":1,"cobblemon:wepear_berry":1,"minecraft:tall_grass":4,"minecraft:copper_ore":9,"minecraft:cobblestone":2,"megamons:crystal_moon_stone_ore":2,"minecraft:deepslate_gold_ore":10,"minecraft:sugar_cane":2,"minecraft:diorite":4,"minecraft:amethyst_block":17,"minecraft:spruce_log":14,"minecraft:grass":11,"megamons:crystal_dawn_stone_ore":1,"minecraft:coal_ore":72,"minecraft:sand":12,"minecraft:dirt":2,"minecraft:cobweb":11,"minecraft:red_mushroom_block":3,"minecraft:deepslate":51,"minecraft:fern":1},"minecraft:custom":{"minecraft:mob_kills":22,"minecraft:interact_with_crafting_table":14,"minecraft:open_barrel":4,"minecraft:leave_game":4,"minecraft:time_since_death":4840,"minecraft:climb_one_cm":3507,"minecraft:sprint_one_cm":627815,"minecraft:walk_one_cm":561153,"minecraft:damage_blocked_by_shield":690,"minecraft:drop":50,"minecraft:talked_to_villager":2,"minecraft:play_time":257236,"minecraft:deaths":27,"minecraft:sneak_time":5882,"minecraft:walk_under_water_one_cm":18603,"minecraft:jump":5316,"minecraft:walk_on_water_one_cm":33641,"minecraft:total_world_time":257236,"minecraft:interact_with_furnace":55,"minecraft:sleep_in_bed":8,"minecraft:time_since_rest":5083,"minecraft:damage_taken":8282,"minecraft:damage_dealt":6319,"minecraft:player_kills":5,"minecraft:swim_one_cm":62511,"minecraft:fly_one_cm":1513250,"minecraft:open_chest":44,"minecraft:crouch_one_cm":16460,"minecraft:fall_one_cm":130650},"minecraft:killed":{"minecraft:cave_spider":1,"minecraft:spider":2,"minecraft:skeleton":2,"cobblemon:pokemon":3,"minecraft:sheep":1,"minecraft:zombie":7,"minecraft:stray":1,"minecraft:cow":2},"minecraft:picked_up":{"cobblemon:x_special_defence":1,"minecraft:crafting_table":6,"cobblemon:leaf_stone":1,"minecraft:wooden_pickaxe":1,"minecraft:gold_block":1,"minecraft:diamond_horse_armor":1,"minecraft:shield":1,"minecraft:amethyst_block":18,"cobblemon:wepear_berry":34,"minecraft:string":14,"minecraft:raw_copper":32,"minecraft:cobbled_deepslate":48,"cobblemon:green_apricorn":5,"minecraft:bucket":1,"minecraft:spruce_planks":7,"minecraft:beef":14,"minecraft:iron_nugget":5,"minecraft:sugar_cane":36,"minecraft:furnace":3,"minecraft:raw_iron":37,"minecraft:torch":1,"minecraft:bowl":1,"minecraft:diorite":10,"minecraft:tnt":2,"cobblemon:dawn_stone":1,"minecraft:stone_sword":1,"minecraft:arrow":3,"minecraft:rotten_flesh":1,"minecraft:beetroot_seeds":3,"minecraft:mutton":2,"minecraft:cobblestone":56,"minecraft:white_wool":1,"minecraft:cooked_beef":14,"minecraft:water_bucket":1,"minecraft:andesite":20,"minecraft:brown_wool":2,"minecraft:leather":5,"minecraft:red_mushroom":5,"cobblemon:razz_berry":16,"minecraft:flint":3,"minecraft:tuff":16,"megamons:anistarite_geode_block":33,"minecraft:dirt":3,"minecraft:coast_armor_trim_smithing_template":4,"minecraft:bone":2,"minecraft:bow":1,"minecraft:raw_gold":10,"minecraft:rabbit_hide":4,"cobblemon:moon_stone":2,"cobblemon:wacan_berry":6,"minecraft:iron_sword":1,"minecraft:raw_iron_block":2,"cobblemon:fire_stone":1,"minecraft:gravel":2,"minecraft:sand":12,"minecraft:amethyst_shard":8,"cobblemon:persim_berry":20,"minecraft:spruce_sapling":3,"minecraft:white_bed":6,"minecraft:spruce_log":12,"minecraft:spider_eye":1,"megamons:anistarite_rough_geode_block":26,"cobblemon:healing_machine":1,"minecraft:diamond":2,"cobblemon:poke_ball":3,"minecraft:white_concrete":1,"cobblemon:ice_stone":1,"minecraft:bread":2,"minecraft:coal":76},"minecraft:broken":{"minecraft:leather_helmet":1,"minecraft:leather_leggings":1,"minecraft:stone_pickaxe":1}},"DataVersion":3465}