{"stats":{"minecraft:killed_by":{"cobblemon:pokemon":3,"minecraft:player":3,"minecraft:creeper":2,"minecraft:cave_spider":1,"minecraft:skeleton":8,"minecraft:guardian":1,"minecraft:zombie":2},"minecraft:used":{"minecraft:stone_sword":101,"megamons:anistarite_rough_geode_block":2,"minecraft:spruce_planks":6,"minecraft:shield":7,"minecraft:rotten_flesh":8,"minecraft:iron_chestplate":1,"minecraft:torch":13,"minecraft:carrot":9,"shroom_dealers:cooked_toadstool":2,"minecraft:iron_helmet":1,"minecraft:iron_boots":1,"minecraft:bow":2,"minecraft:furnace":4,"minecraft:cooked_beef":2,"minecraft:cobbled_deepslate":48,"minecraft:water_bucket":37,"minecraft:leather_leggings":1,"minecraft:amethyst_block":2,"minecraft:stone_pickaxe":131,"minecraft:wooden_pickaxe":18,"minecraft:tnt":2,"minecraft:crafting_table":7,"minecraft:mushroom_stew":1,"minecraft:white_bed":7,"cobblemon:healing_machine":2,"minecraft:bread":12,"minecraft:suspicious_stew":2,"minecraft:iron_pickaxe":235,"minecraft:spruce_pressure_plate":1,"minecraft:leather_helmet":1,"minecraft:spruce_sapling":3,"minecraft:golden_leggings":1,"minecraft:stone_axe":13,"minecraft:cobblestone":13,"minecraft:andesite":9,"minecraft:poisonous_potato":2,"minecraft:bucket":38},"minecraft:dropped":{"minecraft:water_bucket":1,"minecraft:bread":2,"minecraft:diamond":1,"minecraft:cobblestone":3,"minecraft:coal":4,"minecraft:mushroom_stew":1,"minecraft:red_mushroom":1,"minecraft:flint":3,"minecraft:dirt":3,"minecraft:diorite":10,"minecraft:white_concrete":1,"cobblemon:green_apricorn":1,"cobblemon:x_special_defence":1,"minecraft:string":2,"shroom_dealers:cheese":1,"minecraft:bone":1,"minecraft:gravel":2,"minecraft:sugar_cane":21,"minecraft:iron_nugget":10,"minecraft:stone_sword":1,"minecraft:bowl":3,"minecraft:tuff":16,"megamons:anistarite_geode_block":1,"minecraft:rabbit_hide":4,"minecraft:gunpowder":1,"minecraft:andesite":11,"minecraft:spider_eye":1,"minecraft:wooden_pickaxe":2},"minecraft:crafted":{"minecraft:raw_iron":18,"minecraft:furnace":1,"minecraft:spruce_pressure_plate":1,"minecraft:iron_boots":1,"minecraft:stone_pickaxe":1,"minecraft:cooked_beef":8,"minecraft:crafting_table":3,"minecraft:spruce_planks":48,"minecraft:wooden_pickaxe":1,"minecraft:iron_helmet":1,"minecraft:stone_axe":1,"minecraft:air":0,"minecraft:white_wool":3,"minecraft:iron_chestplate":1,"minecraft:shield":1,"minecraft:stick":12,"minecraft:iron_pickaxe":1,"minecraft:iron_ingot":56,"minecraft:stone_sword":1,"minecraft:gold_ingot":19,"minecraft:white_bed":1,"minecraft:torch":12},"minecraft:mined":{"minecraft:tuff":16,"minecraft:spruce_planks":7,"minecraft:white_bed":6,"minecraft:deepslate_diamond_ore":2,"minecraft:grass_block":1,"megamons:crystal_fire_stone_ore":1,"minecraft:brown_mushroom_block":1,"minecraft:spruce_leaves":14,"minecraft:raw_iron_block":2,"minecraft:furnace":3,"minecraft:iron_ore":12,"minecraft:fire":10,"minecraft:andesite":14,"minecraft:gold_block":1,"minecraft:deepslate_iron_ore":25,"minecraft:shroomlight":1,"minecraft:packed_ice":39,"minecraft:stone":58,"megamons:crystal_leaf_stone_ore":1,"megamons:anistarite_rough_geode_block":10,"megamons:anistarite_geode_block":31,"minecraft:amethyst_cluster":2,"minecraft:powder_snow":23,"minecraft:crafting_table":6,"minecraft:torch":1,"cobblemon:wepear_berry":1,"minecraft:tall_grass":1,"minecraft:copper_ore":9,"megamons:crystal_moon_stone_ore":2,"minecraft:deepslate_gold_ore":10,"minecraft:sugar_cane":2,"minecraft:diorite":4,"minecraft:amethyst_block":17,"minecraft:spruce_log":14,"minecraft:grass":3,"megamons:crystal_dawn_stone_ore":1,"minecraft:coal_ore":71,"minecraft:dirt":2,"minecraft:cobweb":11,"minecraft:red_mushroom_block":3,"minecraft:deepslate":51,"minecraft:fern":1},"minecraft:custom":{"minecraft:mob_kills":14,"minecraft:interact_with_crafting_table":12,"minecraft:open_barrel":2,"minecraft:leave_game":3,"minecraft:time_since_death":12039,"minecraft:climb_one_cm":2676,"minecraft:sprint_one_cm":536046,"minecraft:walk_one_cm":518958,"minecraft:damage_blocked_by_shield":420,"minecraft:drop":38,"minecraft:play_time":233345,"minecraft:deaths":22,"minecraft:sneak_time":5593,"minecraft:walk_under_water_one_cm":17514,"minecraft:jump":4573,"minecraft:walk_on_water_one_cm":29558,"minecraft:total_world_time":233345,"minecraft:interact_with_furnace":49,"minecraft:sleep_in_bed":8,"minecraft:time_since_rest":2789,"minecraft:damage_taken":6392,"minecraft:damage_dealt":4146,"minecraft:swim_one_cm":54978,"minecraft:fly_one_cm":1300725,"minecraft:player_kills":3,"minecraft:open_chest":38,"minecraft:crouch_one_cm":15493,"minecraft:fall_one_cm":100712},"minecraft:killed":{"minecraft:cave_spider":1,"minecraft:spider":1,"minecraft:skeleton":1,"cobblemon:pokemon":3,"minecraft:zombie":4,"minecraft:stray":1},"minecraft:picked_up":{"cobblemon:x_special_defence":1,"minecraft:crafting_table":5,"cobblemon:leaf_stone":1,"minecraft:wooden_pickaxe":1,"minecraft:gold_block":1,"minecraft:amethyst_block":18,"cobblemon:wepear_berry":34,"minecraft:string":14,"minecraft:raw_copper":32,"minecraft:cobbled_deepslate":48,"cobblemon:green_apricorn":5,"minecraft:bucket":1,"minecraft:spruce_planks":7,"minecraft:beef":8,"minecraft:iron_nugget":5,"minecraft:sugar_cane":36,"minecraft:furnace":3,"minecraft:raw_iron":37,"minecraft:torch":1,"minecraft:bowl":1,"minecraft:diorite":10,"minecraft:tnt":2,"minecraft:stone_sword":1,"cobblemon:dawn_stone":1,"minecraft:arrow":2,"minecraft:rotten_flesh":1,"minecraft:cobblestone":48,"minecraft:cooked_beef":5,"minecraft:water_bucket":1,"minecraft:andesite":20,"minecraft:brown_wool":2,"minecraft:leather":2,"minecraft:red_mushroom":5,"cobblemon:razz_berry":16,"minecraft:flint":3,"minecraft:tuff":16,"megamons:anistarite_geode_block":33,"minecraft:dirt":3,"minecraft:bone":2,"minecraft:bow":1,"minecraft:raw_gold":10,"minecraft:rabbit_hide":4,"cobblemon:moon_stone":2,"cobblemon:wacan_berry":6,"minecraft:gravel":2,"cobblemon:fire_stone":1,"minecraft:raw_iron_block":2,"minecraft:amethyst_shard":8,"cobblemon:persim_berry":20,"minecraft:spruce_sapling":3,"minecraft:white_bed":6,"minecraft:spruce_log":12,"minecraft:spider_eye":1,"megamons:anistarite_rough_geode_block":14,"minecraft:diamond":2,"cobblemon:poke_ball":3,"cobblemon:ice_stone":1,"minecraft:white_concrete":1,"minecraft:bread":2,"minecraft:coal":75},"minecraft:broken":{"minecraft:leather_helmet":1,"minecraft:leather_leggings":1,"minecraft:stone_pickaxe":1}},"DataVersion":3465}