{"stats":{"minecraft:custom":{"minecraft:interact_with_crafting_table":99,"minecraft:open_barrel":9,"minecraft:leave_game":18,"minecraft:time_since_death":12501,"minecraft:sprint_one_cm":1730809,"minecraft:damage_blocked_by_shield":4961,"minecraft:drop":225,"minecraft:talked_to_villager":11,"minecraft:play_time":918965,"minecraft:deaths":87,"minecraft:jump":11340,"minecraft:walk_on_water_one_cm":75802,"minecraft:interact_with_furnace":128,"minecraft:play_record":2,"minecraft:sleep_in_bed":22,"minecraft:damage_dealt":17933,"minecraft:player_kills":10,"minecraft:crouch_one_cm":106410,"minecraft:interact_with_smithing_table":21,"minecraft:inspect_dispenser":1,"minecraft:interact_with_anvil":2,"minecraft:mob_kills":87,"minecraft:climb_one_cm":7251,"minecraft:walk_one_cm":1427477,"minecraft:sneak_time":28934,"minecraft:walk_under_water_one_cm":63314,"minecraft:total_world_time":918965,"minecraft:interact_with_grindstone":1,"minecraft:time_since_rest":12945,"minecraft:damage_taken":31345,"minecraft:damage_absorbed":80,"minecraft:swim_one_cm":94584,"minecraft:fly_one_cm":3344834,"minecraft:open_chest":168,"minecraft:fall_one_cm":322863},"minecraft:dropped":{"minecraft:iron_sword":4,"minecraft:soul_sand":2,"minecraft:lapis_lazuli":4,"minecraft:cooked_beef":17,"minecraft:glass_bottle":1,"minecraft:diamond":5,"shroom_dealers:amethyst_deceiver":1,"minecraft:leather":1,"travelersbackpack:iron_tier_upgrade":2,"cobblemon:exp_share":1,"scguns:iron_spear":1,"scguns:shotgun_shell":217,"minecraft:red_mushroom":5,"minecraft:flint":3,"minecraft:emerald":64,"minecraft:dirt":3,"minecraft:dark_oak_log":65,"scguns:hog_round":4,"cobblemon:poke_ball":1,"scguns:callwell":3,"minecraft:coast_armor_trim_smithing_template":4,"cobblemon:green_apricorn":1,"minecraft:amethyst_shard":5,"minecraft:bone_meal":64,"cobblemon:great_ball":16,"minecraft:dark_oak_planks":1,"shroom_dealers:cheese":1,"minecraft:gold_ingot":3,"scguns:brass_mask":1,"scguns:small_copper_casing":1,"cobblemon:ultra_ball":1,"minecraft:bone":3,"minecraft:gravel":2,"minecraft:stone_axe":1,"minecraft:sugar_cane":21,"minecraft:iron_nugget":14,"minecraft:cobbled_deepslate":8,"minecraft:obsidian":2,"cobblemon:black_apricorn":1,"minecraft:cooked_mutton":14,"minecraft:honey_bottle":1,"minecraft:rabbit_foot":1,"patchouli:guide_book":2,"minecraft:rabbit_hide":4,"minecraft:gunpowder":4,"minecraft:beetroot_seeds":3,"minecraft:leather_boots":1,"minecraft:basalt":1,"minecraft:arrow":2,"minecraft:beef":3,"scguns:krahg_round":128,"minecraft:netherrack":11,"cobblemon:max_potion":1,"minecraft:water_bucket":2,"minecraft:bread":2,"minecraft:iron_ingot":132,"cobblemon:wacan_berry":6,"minecraft:wheat_seeds":6,"minecraft:feather":2,"minecraft:cobblestone":13,"minecraft:copper_ingot":1,"cobblemon:shiny_stone":2,"minecraft:grass_block":6,"minecraft:coal":4,"minecraft:mushroom_stew":1,"minecraft:stick":4,"minecraft:diamond_horse_armor":1,"minecraft:gray_wool":3,"minecraft:diorite":10,"cobblemon:exp_candy_s":64,"minecraft:melon_slice":4,"minecraft:white_concrete":1,"travelersbackpack:blank_upgrade":4,"minecraft:iron_leggings":2,"cobblemon:x_special_defence":1,"minecraft:string":3,"minecraft:bucket":2,"minecraft:redstone":9,"securitycraft:mine":64,"minecraft:stone_sword":1,"minecraft:raw_copper":33,"minecraft:bowl":3,"minecraft:tuff":16,"minecraft:light_gray_wool":1,"megamons:anistarite_geode_block":1,"travelersbackpack:diamond_tier_upgrade":1,"megamons:anistarite_rough_geode_block":16,"minecraft:shield":2,"scguns:sheol":1,"minecraft:spruce_planks":13,"minecraft:andesite":11,"minecraft:pink_wool":4,"minecraft:carved_pumpkin":1,"minecraft:spider_eye":2,"minecraft:bow":2,"minecraft:wooden_pickaxe":2},"minecraft:broken":{"scguns:brass_mask":1,"minecraft:golden_boots":1,"minecraft:leather_leggings":1,"minecraft:iron_boots":1,"minecraft:iron_chestplate":2,"minecraft:iron_leggings":1,"minecraft:golden_leggings":1,"minecraft:stone_pickaxe":1,"minecraft:leather_helmet":1,"minecraft:shield":1,"minecraft:iron_helmet":1},"minecraft:mined":{"minecraft:large_amethyst_bud":1,"minecraft:spruce_planks":9,"minecraft:white_bed":6,"minecraft:obsidian":4,"megamons:crystal_shiny_stone_ore":2,"minecraft:granite":1,"minecraft:budding_amethyst":1,"minecraft:chiseled_polished_blackstone":1,"minecraft:grass_block":7,"megamons:crystal_fire_stone_ore":1,"minecraft:light_gray_bed":1,"scguns:nether_sulfur_ore":4,"megamons:crystal_dusk_stone_ore":1,"minecraft:polished_blackstone_bricks":4,"megamons:gyaradosite_crystal_ore":1,"minecraft:raw_iron_block":2,"minecraft:magma_block":5,"minecraft:iron_ore":29,"minecraft:fire":44,"minecraft:cobbled_deepslate":3,"minecraft:deepslate_lapis_ore":6,"cobblemon:medicinal_leek":8,"minecraft:sculk_shrieker":5,"securitycraft:quartz_mine":1,"minecraft:deepslate_redstone_ore":2,"megamons:anistarite_geode_block":88,"minecraft:blackstone":8,"minecraft:soul_fire":4,"cobblemon:revival_herb":1,"minecraft:amethyst_cluster":7,"minecraft:powder_snow":23,"cobblemon:apricorn_leaves":2,"minecraft:torch":1,"minecraft:calcite":1,"minecraft:nether_quartz_ore":9,"minecraft:cobblestone":2,"megamons:crystal_moon_stone_ore":3,"minecraft:sugar_cane":2,"minecraft:amethyst_block":23,"minecraft:grass":181,"minecraft:sand":33,"minecraft:dirt":5,"minecraft:smooth_basalt":2,"minecraft:red_mushroom_block":3,"minecraft:ancient_debris":7,"minecraft:netherrack":546,"minecraft:oak_leaves":4,"minecraft:deepslate":68,"cobblemon:healing_machine":15,"minecraft:nether_gold_ore":8,"minecraft:diamond_ore":1,"minecraft:tuff":19,"cobblemon:kasib_berry":1,"minecraft:deepslate_diamond_ore":11,"minecraft:dark_oak_leaves":5,"megamons:crystal_water_stone_ore":2,"minecraft:brown_mushroom_block":1,"minecraft:spruce_leaves":161,"minecraft:furnace":5,"cobblemon:deepslate_shiny_stone_ore":1,"minecraft:andesite":14,"minecraft:gold_block":20,"minecraft:shroomlight":1,"minecraft:deepslate_iron_ore":74,"cobblemon:nether_fire_stone_ore":5,"minecraft:packed_ice":39,"minecraft:stone":71,"megamons:crystal_leaf_stone_ore":1,"megamons:anistarite_rough_geode_block":15,"minecraft:soul_sand":4,"minecraft:brown_carpet":3,"minecraft:basalt":4,"minecraft:dandelion":1,"minecraft:crafting_table":11,"cobblemon:wepear_berry":1,"minecraft:stone_slab":2,"minecraft:copper_ore":12,"minecraft:tall_grass":16,"minecraft:deepslate_coal_ore":1,"minecraft:deepslate_gold_ore":18,"minecraft:lapis_ore":5,"minecraft:diorite":4,"minecraft:spruce_log":21,"megamons:crystal_dawn_stone_ore":1,"minecraft:coal_ore":104,"megamons:crystal_sun_stone_ore":1,"minecraft:gravel":2,"minecraft:cobweb":11,"minecraft:fern":2},"minecraft:killed_by":{"minecraft:ghast":3,"cobblemon:pokemon":16,"minecraft:piglin_brute":1,"minecraft:creeper":7,"scguns:redcoat":1,"minecraft:piglin":2,"minecraft:cave_spider":1,"minecraft:zombie":10,"minecraft:player":15,"minecraft:spider":1,"minecraft:warden":2,"minecraft:skeleton":14,"minecraft:guardian":1,"scguns:hornlin":2},"minecraft:killed":{"minecraft:cave_spider":1,"minecraft:witch":1,"minecraft:spider":4,"minecraft:skeleton":10,"minecraft:piglin_brute":1,"minecraft:piglin":6,"minecraft:zombie_villager":1,"minecraft:sheep":1,"minecraft:pillager":1,"minecraft:zombie":26,"minecraft:stray":1,"scguns:hornlin":2,"minecraft:cow":5,"minecraft:horse":1,"minecraft:drowned":1,"cobblemon:pokemon":15,"minecraft:hoglin":1,"scguns:dissident":2},"minecraft:used":{"minecraft:iron_shovel":27,"megamons:anistarite_rough_geode_block":2,"minecraft:diamond_hoe":139,"minecraft:axolotl_spawn_egg":16,"minecraft:chest":3,"minecraft:shield":71,"minecraft:iron_sword":272,"minecraft:rotten_flesh":32,"minecraft:iron_chestplate":2,"minecraft:mutton":2,"minecraft:carrot":10,"minecraft:tuff":4,"minecraft:axolotl_bucket":12,"shroom_dealers:cooked_toadstool":2,"securitycraft:diamond_mine":1,"minecraft:villager_spawn_egg":4,"minecraft:coal_ore":1,"minecraft:deepslate_copper_ore":1,"minecraft:grass_block":3,"minecraft:copper_ore":2,"minecraft:iron_helmet":1,"minecraft:dark_oak_button":1,"cobblemon:gimmighoul_chest":1,"minecraft:brown_carpet":6,"minecraft:bow":10,"minecraft:oak_sapling":1,"minecraft:furnace":6,"minecraft:egg":2,"minecraft:golden_boots":1,"minecraft:emerald_ore":2,"minecraft:chiseled_polished_blackstone":1,"minecraft:diamond_boots":1,"minecraft:leather_leggings":1,"scguns:gun_bench":1,"minecraft:stone_pickaxe":131,"minecraft:blackstone":7,"minecraft:wooden_pickaxe":18,"scguns:callwell":57,"minecraft:golden_apple":2,"minecraft:sand":1,"minecraft:mushroom_stew":1,"minecraft:deepslate_redstone_ore":2,"securitycraft:quartz_mine":2,"minecraft:deepslate_lapis_ore":2,"minecraft:deepslate_iron_ore":1,"minecraft:bread":59,"minecraft:brown_wool":3,"minecraft:lectern":1,"minecraft:gravel":5,"securitycraft:mine":1,"minecraft:andesite":9,"minecraft:oak_fence":20,"minecraft:poisonous_potato":2,"minecraft:deepslate_coal_ore":1,"minecraft:coarse_dirt":6,"minecraft:white_concrete":2,"minecraft:bone_meal":65,"minecraft:experience_bottle":3,"minecraft:stone_sword":117,"minecraft:flint_and_steel":1,"minecraft:redstone_ore":2,"minecraft:spruce_planks":8,"minecraft:music_disc_5":2,"minecraft:netherrack":239,"cobblemon:pasture":3,"minecraft:torch":24,"minecraft:dirt":21,"minecraft:anvil":1,"minecraft:nether_quartz_ore":8,"minecraft:diamond_helmet":1,"scguns:mechanical_press":1,"minecraft:rooted_dirt":1,"minecraft:iron_boots":1,"minecraft:smooth_basalt":2,"minecraft:diamond_chestplate":1,"minecraft:basalt":3,"minecraft:beef":3,"securitycraft:dirt_mine":4,"minecraft:cooked_beef":16,"minecraft:cobbled_deepslate":60,"minecraft:light_gray_bed":3,"minecraft:deepslate_emerald_ore":2,"minecraft:wheat_seeds":23,"minecraft:cooked_mutton":33,"minecraft:water_bucket":68,"minecraft:iron_ore":1,"minecraft:amethyst_block":2,"minecraft:rabbit":2,"minecraft:sheep_spawn_egg":20,"minecraft:polished_blackstone_bricks":3,"securitycraft:deepslate_diamond_mine":1,"minecraft:stripped_dark_oak_log":2,"minecraft:tnt":4,"minecraft:crafting_table":14,"minecraft:spider_eye":1,"minecraft:white_bed":15,"cobblemon:healing_machine":22,"minecraft:diamond_pickaxe":725,"minecraft:chicken":3,"minecraft:iron_pickaxe":445,"minecraft:suspicious_stew":2,"minecraft:lapis_ore":2,"minecraft:spruce_pressure_plate":1,"minecraft:leather_helmet":1,"minecraft:stone_slab":2,"minecraft:spruce_sapling":3,"minecraft:golden_leggings":1,"minecraft:stone_axe":34,"minecraft:cobblestone":13,"minecraft:potion":1,"travelersbackpack:standard":11,"minecraft:porkchop":3,"minecraft:bucket":81,"minecraft:dandelion":1,"minecraft:diamond_leggings":2,"minecraft:jukebox":1},"minecraft:picked_up":{"cobblemon:leaf_stone":1,"cobblemon:timer_ball":1,"minecraft:stone_slab":2,"cobblemon:red_apricorn":24,"minecraft:oak_stairs":1,"cobblemon:charti_berry":2,"minecraft:golden_sword":1,"minecraft:amethyst_block":24,"cobblemon:wepear_berry":34,"minecraft:string":17,"minecraft:raw_copper":76,"minecraft:iron_leggings":3,"minecraft:gold_nugget":22,"minecraft:cobbled_deepslate":68,"minecraft:bucket":3,"minecraft:spruce_planks":20,"minecraft:calcite":1,"minecraft:melon_slice":4,"minecraft:furnace":5,"minecraft:stick":12,"minecraft:big_dripleaf":3,"minecraft:torch":4,"travelersbackpack:iron_tier_upgrade":2,"travelersbackpack:diamond_tier_upgrade":1,"minecraft:porkchop":10,"minecraft:diorite":10,"cobblemon:never_melt_ice":1,"minecraft:rabbit_foot":1,"minecraft:brown_carpet":3,"minecraft:stone_sword":1,"minecraft:honey_bottle":1,"minecraft:light_gray_bed":1,"minecraft:rotten_flesh":26,"scguns:sheol":1,"minecraft:obsidian":2,"minecraft:cobblestone":71,"minecraft:magma_block":5,"minecraft:cooked_beef":22,"minecraft:feather":2,"cobblemon:great_ball":43,"cobblemon:ultra_ball":34,"minecraft:water_bucket":1,"minecraft:andesite":20,"minecraft:brown_wool":7,"cobblemon:razz_berry":16,"scguns:gun_barrel":4,"minecraft:flint":6,"minecraft:tuff":20,"minecraft:lapis_lazuli":60,"megamons:anistarite_geode_block":82,"minecraft:dirt":27,"minecraft:lantern":1,"minecraft:leather_boots":1,"minecraft:bone":14,"minecraft:bow":3,"minecraft:wheat_seeds":31,"cobblemon:black_apricorn":5,"minecraft:raw_gold":17,"cobblemon:thunder_stone":1,"minecraft:rabbit":2,"scguns:sulfur_chunk":10,"cobblemon:moon_stone":3,"cobblemon:poison_barb":1,"cobblemon:max_potion":2,"cobblemon:sun_stone":1,"cobblemon:kasib_berry":3,"minecraft:chiseled_polished_blackstone":1,"patchouli:guide_book":2,"cobblemon:x_speed":1,"minecraft:axolotl_bucket":1,"cobblemon:fire_stone":6,"cobblemon:shiny_stone":3,"minecraft:sand":33,"cobblemon:persim_berry":20,"minecraft:grass_block":9,"cobblemon:aspear_berry":1,"minecraft:dark_oak_log":124,"megamons:anistarite_rough_geode_block":32,"cobblemon:healing_machine":16,"minecraft:diamond":12,"cobblemon:poke_ball":13,"minecraft:golden_apple":1,"minecraft:crossbow":1,"minecraft:bone_meal":2,"minecraft:white_concrete":3,"cobblemon:ice_stone":1,"minecraft:bread":2,"minecraft:rooted_dirt":1,"cobblemon:medicinal_leek":9,"minecraft:oak_sapling":1,"minecraft:netherrack":685,"scguns:callwell":1,"minecraft:crafting_table":10,"cobblemon:x_special_defence":1,"minecraft:music_disc_5":2,"minecraft:coarse_dirt":6,"minecraft:azure_bluet":1,"minecraft:chicken":3,"minecraft:clay_ball":1,"minecraft:wooden_pickaxe":1,"minecraft:pink_wool":6,"minecraft:gold_block":20,"minecraft:diamond_horse_armor":1,"minecraft:shield":2,"cobblemon:revival_herb":9,"minecraft:flint_and_steel":1,"scguns:small_copper_casing":4,"minecraft:iron_shovel":1,"minecraft:blackstone":7,"cobblemon:green_apricorn":5,"minecraft:beef":20,"scguns:ancient_brass":3,"minecraft:iron_nugget":14,"cobblemon:dusk_stone":1,"minecraft:light_gray_wool":8,"cobblemon:pep_up_flower":1,"minecraft:sugar_cane":36,"shroom_dealers:amethyst_deceiver":1,"minecraft:egg":2,"minecraft:raw_iron":101,"cobblemon:silver_powder":1,"minecraft:bowl":1,"minecraft:polished_blackstone_bricks":3,"securitycraft:quartz_mine":1,"minecraft:redstone":10,"minecraft:dark_oak_planks":3,"minecraft:tnt":2,"scguns:hog_round":10,"cobblemon:dawn_stone":1,"minecraft:arrow":18,"minecraft:beetroot_seeds":3,"minecraft:mutton":2,"cobblemon:blue_apricorn":2,"minecraft:white_wool":27,"minecraft:clock":1,"minecraft:basalt":4,"minecraft:leather":15,"minecraft:red_mushroom":5,"minecraft:ancient_debris":10,"minecraft:gunpowder":18,"scguns:pebbles":1,"minecraft:paper":15,"scguns:anthralite_nugget":3,"minecraft:coast_armor_trim_smithing_template":4,"scguns:brass_mask":2,"cobblemon:exp_share":2,"minecraft:rabbit_hide":6,"minecraft:iron_ingot":120,"cobblemon:coba_berry":3,"cobblemon:wacan_berry":6,"minecraft:iron_sword":4,"travelersbackpack:blank_upgrade":4,"minecraft:soul_sand":14,"minecraft:book":6,"cobblemon:red_apricorn_seed":2,"minecraft:smooth_basalt":2,"minecraft:nether_quartz_ore":9,"cobblemon:black_apricorn_seed":1,"minecraft:quartz":1,"minecraft:dandelion":1,"minecraft:raw_iron_block":2,"minecraft:gravel":18,"minecraft:amethyst_shard":28,"minecraft:spruce_sapling":7,"minecraft:white_bed":6,"minecraft:spruce_log":19,"minecraft:spider_eye":6,"megamons:raw_gyaradosite":1,"minecraft:gray_wool":4,"cobblemon:pasture":1,"cobblemon:water_stone":2,"minecraft:stripped_dark_oak_log":2,"minecraft:coal":233},"minecraft:crafted":{"securitycraft:mine":6,"scguns:buckshot":12,"minecraft:bookshelf":1,"minecraft:cooked_mutton":2,"minecraft:spruce_pressure_plate":1,"minecraft:brown_carpet":3,"minecraft:glass":24,"scguns:gunpowder_dust":6,"minecraft:bow":1,"minecraft:diamond_helmet":1,"minecraft:diamond_leggings":2,"minecraft:iron_boots":1,"minecraft:chest":5,"scguns:gun_bench":1,"scguns:gun_parts_mold":1,"minecraft:golden_boots":1,"scguns:small_casing_mold":1,"travelersbackpack:iron_tier_upgrade":1,"scguns:gun_grip":1,"minecraft:crafting_table":4,"minecraft:spruce_planks":60,"travelersbackpack:standard":4,"minecraft:wooden_pickaxe":1,"minecraft:iron_helmet":1,"minecraft:copper_ingot":44,"minecraft:light_gray_bed":2,"minecraft:tnt":2,"cobblemon:poke_ball":24,"minecraft:lectern":1,"minecraft:dark_oak_slab":6,"minecraft:iron_chestplate":2,"minecraft:paper":15,"minecraft:diamond_pickaxe":1,"minecraft:shield":2,"naturescompass:naturescompass":1,"scguns:mechanical_press":1,"scguns:blank_mold":2,"minecraft:stick":16,"minecraft:iron_ingot":123,"minecraft:compass":1,"minecraft:iron_pickaxe":1,"minecraft:iron_block":3,"minecraft:stone_sword":1,"minecraft:gold_ingot":28,"minecraft:netherite_ingot":2,"scguns:gun_barrel":4,"minecraft:shears":1,"minecraft:raw_iron":18,"minecraft:jukebox":1,"minecraft:iron_nugget":9,"minecraft:furnace":2,"minecraft:bone_meal":63,"travelersbackpack:blank_upgrade":4,"travelersbackpack:gold_tier_upgrade":1,"minecraft:stone_pickaxe":1,"minecraft:diamond_boots":1,"minecraft:netherite_scrap":10,"minecraft:dark_oak_planks":72,"travelersbackpack:diamond_tier_upgrade":2,"minecraft:cooked_beef":11,"securitycraft:quartz_mine":1,"scguns:firing_unit":1,"travelersbackpack:backpack_tank":4,"travelersbackpack:brown_sleeping_bag":1,"minecraft:dark_oak_button":1,"minecraft:stone_axe":1,"minecraft:air":0,"securitycraft:dirt_mine":3,"minecraft:white_wool":3,"minecraft:gunpowder":1,"minecraft:white_bed":9,"minecraft:music_disc_5":1,"minecraft:torch":16,"minecraft:diamond_chestplate":2}},"DataVersion":3465}