{"stats":{"minecraft:mined":{"minecraft:white_bed":6,"minecraft:obsidian":4,"minecraft:granite":1,"minecraft:chiseled_polished_blackstone":1,"minecraft:light_gray_bed":1,"megamons:crystal_dusk_stone_ore":1,"minecraft:polished_blackstone_bricks":22,"megamons:gyaradosite_crystal_ore":1,"minecraft:magma_block":5,"minecraft:cobbled_deepslate":3,"minecraft:fire":68,"minecraft:deepslate_lapis_ore":6,"minecraft:sculk_shrieker":5,"minecraft:oak_stairs":1,"megamons:pidgeotite_crystal_ore":2,"minecraft:amethyst_cluster":7,"minecraft:crimson_nylium":1,"minecraft:soul_fire":4,"minecraft:powder_snow":23,"minecraft:torch":1,"megamons:crystal_moon_stone_ore":3,"minecraft:sugar_cane":2,"minecraft:amethyst_block":23,"minecraft:grass":223,"minecraft:smooth_basalt":2,"minecraft:red_mushroom_block":3,"minecraft:deepslate":68,"cobblemon:healing_machine":15,"cobblemon:kasib_berry":1,"cobblemon:deepslate_shiny_stone_ore":1,"minecraft:andesite":14,"minecraft:potatoes":8,"cobblemon:nether_fire_stone_ore":5,"minecraft:bamboo_sapling":1,"megamons:anistarite_rough_geode_block":15,"minecraft:soul_sand":11,"minecraft:brown_carpet":3,"minecraft:dandelion":1,"minecraft:emerald_ore":2,"cobblemon:wepear_berry":1,"minecraft:tall_grass":33,"minecraft:copper_ore":12,"minecraft:deepslate_gold_ore":18,"minecraft:diorite":4,"minecraft:coarse_dirt":1,"minecraft:spruce_log":21,"megamons:crystal_sun_stone_ore":1,"minecraft:gravel":11,"minecraft:cobweb":11,"minecraft:fern":2,"minecraft:large_amethyst_bud":1,"minecraft:spruce_planks":9,"megamons:crystal_shiny_stone_ore":2,"minecraft:budding_amethyst":1,"minecraft:grass_block":17,"minecraft:cracked_polished_blackstone_bricks":13,"megamons:crystal_fire_stone_ore":1,"minecraft:soul_soil":6,"scguns:nether_sulfur_ore":5,"minecraft:raw_iron_block":2,"minecraft:iron_ore":31,"minecraft:azure_bluet":4,"cobblemon:medicinal_leek":13,"securitycraft:quartz_mine":1,"minecraft:deepslate_redstone_ore":2,"megamons:anistarite_geode_block":88,"minecraft:blackstone":24,"cobblemon:revival_herb":1,"cobblemon:apricorn_leaves":2,"minecraft:calcite":1,"minecraft:nether_quartz_ore":44,"minecraft:cobblestone":2,"minecraft:oak_planks":2,"megamons:charizarditex_crystal_ore":2,"minecraft:nether_wart_block":4,"minecraft:sand":33,"minecraft:dirt":10,"minecraft:netherrack":1792,"minecraft:ancient_debris":20,"minecraft:oak_leaves":7,"minecraft:nether_gold_ore":14,"minecraft:diamond_ore":1,"minecraft:tuff":19,"minecraft:dark_oak_leaves":5,"minecraft:deepslate_diamond_ore":11,"megamons:crystal_water_stone_ore":2,"minecraft:white_stained_glass":1,"minecraft:brown_mushroom_block":1,"minecraft:spruce_leaves":161,"minecraft:furnace":5,"minecraft:gold_block":29,"minecraft:deepslate_iron_ore":74,"minecraft:shroomlight":1,"minecraft:lantern":1,"minecraft:packed_ice":39,"minecraft:stone":73,"megamons:crystal_leaf_stone_ore":1,"minecraft:basalt":10,"minecraft:crafting_table":11,"minecraft:stone_slab":2,"minecraft:deepslate_coal_ore":1,"minecraft:lapis_ore":5,"shroom_dealers:good_vine_block":1,"megamons:crystal_dawn_stone_ore":1,"minecraft:coal_ore":104},"minecraft:killed":{"scguns:swarm":2,"minecraft:cave_spider":1,"minecraft:skeleton":12,"minecraft:magma_cube":11,"minecraft:pillager":5,"minecraft:zombie":35,"minecraft:cow":5,"minecraft:evoker":1,"minecraft:vindicator":1,"scguns:cog_minion":1,"minecraft:horse":1,"scguns:dissident":2,"minecraft:witch":2,"minecraft:spider":4,"minecraft:piglin_brute":3,"minecraft:piglin":12,"minecraft:zombie_villager":1,"scguns:blunderer":2,"minecraft:creeper":2,"minecraft:sheep":1,"minecraft:stray":1,"scguns:hornlin":3,"minecraft:blaze":4,"minecraft:vex":2,"minecraft:phantom":2,"minecraft:drowned":1,"cobblemon:pokemon":16,"minecraft:hoglin":1},"minecraft:picked_up":{"cobblemon:timer_ball":2,"minecraft:stone_slab":2,"minecraft:oak_stairs":2,"minecraft:golden_sword":1,"minecraft:amethyst_block":24,"minecraft:string":18,"minecraft:gold_nugget":44,"minecraft:cobbled_deepslate":68,"minecraft:spruce_planks":20,"cobblemon:oran_berry":56,"minecraft:melon_slice":4,"minecraft:big_dripleaf":3,"megamons:pidgeotite_crystal_ore":1,"cobblemon:never_melt_ice":1,"minecraft:rabbit_foot":1,"minecraft:brown_carpet":3,"minecraft:stone_sword":1,"minecraft:honey_bottle":1,"minecraft:light_gray_bed":1,"megamons:charizarditex_crystal_ore":1,"minecraft:blaze_rod":2,"minecraft:magma_block":5,"minecraft:barrier":4,"minecraft:feather":4,"minecraft:cooked_beef":22,"minecraft:water_bucket":1,"minecraft:brown_wool":7,"scguns:small_brass_casing":4,"scguns:gun_barrel":4,"minecraft:flint":9,"megamons:mega_cuff":3,"minecraft:lantern":3,"cobblemon:passho_berry":1,"scguns:grapeshot":1,"minecraft:rabbit":2,"minecraft:glowstone_dust":3,"cobblemon:sun_stone":1,"minecraft:chiseled_polished_blackstone":1,"scguns:netherite_scrap_chunk":128,"patchouli:guide_book":2,"cobblemon:x_speed":1,"cobblemon:aspear_berry":1,"minecraft:dark_oak_log":124,"megamons:anistarite_rough_geode_block":32,"securitycraft:universal_block_remover":1,"minecraft:bread":2,"minecraft:rooted_dirt":1,"megamons:cut_gyaradosite":3,"minecraft:diamond_pickaxe":1,"minecraft:music_disc_5":2,"minecraft:crafting_table":10,"minecraft:coarse_dirt":7,"minecraft:clay_ball":2,"scguns:small_copper_casing":29,"minecraft:flint_and_steel":1,"minecraft:iron_shovel":1,"minecraft:beef":20,"scguns:ancient_brass":4,"minecraft:iron_nugget":14,"cobblemon:pep_up_flower":1,"shroom_dealers:amethyst_deceiver":1,"minecraft:egg":4,"cobblemon:silver_powder":1,"megamons:raw_pidgeotite":1,"minecraft:redstone":10,"minecraft:tnt":2,"minecraft:beetroot_seeds":3,"minecraft:totem_of_undying":2,"scguns:iron_spear":2,"minecraft:mutton":4,"cobblemon:blue_apricorn":2,"minecraft:white_wool":28,"minecraft:clock":1,"minecraft:red_mushroom":5,"minecraft:ancient_debris":21,"scguns:large_brass_casing":11,"minecraft:paper":15,"minecraft:white_banner":5,"scguns:brass_mask":2,"minecraft:glass_bottle":2,"cobblemon:wacan_berry":6,"minecraft:iron_sword":4,"travelersbackpack:blank_upgrade":4,"cobblemon:red_apricorn_seed":2,"minecraft:smooth_basalt":2,"minecraft:gravel":37,"minecraft:spruce_sapling":7,"minecraft:spruce_log":19,"megamons:raw_gyaradosite":1,"minecraft:stone_axe":1,"minecraft:gray_wool":4,"cobblemon:pasture":1,"minecraft:stripped_dark_oak_log":2,"cobblemon:leaf_stone":1,"cobblemon:red_apricorn":24,"cobblemon:charti_berry":2,"cobblemon:wepear_berry":61,"minecraft:raw_copper":76,"minecraft:iron_leggings":3,"minecraft:netherite_ingot":1,"minecraft:bucket":3,"minecraft:rose_bush":4,"minecraft:calcite":1,"minecraft:furnace":5,"minecraft:stick":17,"minecraft:torch":4,"travelersbackpack:iron_tier_upgrade":2,"travelersbackpack:diamond_tier_upgrade":1,"minecraft:porkchop":10,"minecraft:diorite":10,"minecraft:rotten_flesh":43,"scguns:sheol":1,"minecraft:obsidian":2,"minecraft:cobblestone":73,"cobblemon:great_ball":44,"cobblemon:ultra_ball":34,"minecraft:magma_cream":2,"minecraft:andesite":20,"minecraft:potato":36,"cobblemon:razz_berry":16,"minecraft:tuff":20,"minecraft:dirt":51,"megamons:anistarite_geode_block":82,"minecraft:lapis_lazuli":60,"minecraft:stripped_birch_log":1,"minecraft:leather_boots":2,"minecraft:bone":14,"minecraft:wheat_seeds":37,"minecraft:bow":3,"securitycraft:reinforced_spruce_fence_gate":2,"cobblemon:black_apricorn":5,"minecraft:raw_gold":17,"cobblemon:thunder_stone":1,"scguns:sulfur_chunk":13,"minecraft:bamboo":3,"cobblemon:moon_stone":3,"minecraft:oak_planks":3,"cobblemon:poison_barb":1,"cobblemon:max_potion":2,"cobblemon:kasib_berry":3,"cobblemon:fire_stone":8,"minecraft:axolotl_bucket":1,"minecraft:poisonous_potato":1,"cobblemon:shiny_stone":3,"minecraft:sand":33,"cobblemon:persim_berry":20,"minecraft:grass_block":9,"cobblemon:healing_machine":16,"minecraft:sugar":2,"minecraft:diamond":12,"cobblemon:poke_ball":13,"cobblemon:quick_claw":1,"cobblemon:ice_stone":1,"minecraft:cracked_polished_blackstone_bricks":8,"minecraft:crossbow":2,"minecraft:golden_apple":1,"minecraft:bone_meal":2,"minecraft:white_concrete":3,"minecraft:oak_sapling":1,"minecraft:emerald":103,"cobblemon:medicinal_leek":23,"minecraft:netherrack":1354,"scguns:callwell":2,"cobblemon:x_special_defence":1,"minecraft:azure_bluet":5,"minecraft:chicken":6,"minecraft:pink_wool":6,"minecraft:wooden_pickaxe":1,"minecraft:gold_block":30,"minecraft:diamond_horse_armor":1,"minecraft:shield":2,"minecraft:dragon_breath":2,"cobblemon:revival_herb":9,"minecraft:blackstone":7,"cobblemon:green_apricorn":5,"cobblemon:dusk_stone":1,"minecraft:light_gray_wool":8,"minecraft:sugar_cane":36,"minecraft:phantom_membrane":1,"minecraft:raw_iron":103,"minecraft:bowl":1,"minecraft:polished_blackstone_bricks":21,"securitycraft:quartz_mine":1,"minecraft:dark_oak_planks":3,"scguns:hog_round":10,"cobblemon:dawn_stone":2,"minecraft:weeping_vines":1,"minecraft:arrow":18,"simpletms:tr_sleeptalk":1,"minecraft:saddle":1,"scguns:empty_cell":1,"minecraft:basalt":9,"minecraft:leather":15,"minecraft:nether_wart_block":4,"minecraft:gunpowder":20,"megamons:raw_charizarditex":1,"scguns:pebbles":3,"scguns:anthralite_nugget":5,"minecraft:coast_armor_trim_smithing_template":4,"cobblemon:exp_share":2,"minecraft:rabbit_hide":7,"minecraft:iron_ingot":120,"cobblemon:coba_berry":3,"minecraft:soul_sand":50,"minecraft:book":63,"minecraft:nether_quartz_ore":9,"cobblemon:black_apricorn_seed":1,"minecraft:quartz":23,"minecraft:dandelion":1,"minecraft:raw_iron_block":2,"minecraft:amethyst_shard":28,"minecraft:white_bed":6,"minecraft:spider_eye":6,"cobblemon:water_stone":2,"minecraft:red_concrete":31,"minecraft:coal":235},"minecraft:custom":{"minecraft:interact_with_crafting_table":109,"minecraft:open_barrel":14,"minecraft:leave_game":30,"minecraft:time_since_death":0,"minecraft:damage_blocked_by_shield":5234,"minecraft:play_time":1349818,"minecraft:deaths":136,"minecraft:jump":15794,"minecraft:interact_with_furnace":134,"minecraft:play_record":2,"minecraft:traded_with_villager":11,"minecraft:sleep_in_bed":22,"minecraft:damage_dealt":22760,"minecraft:interact_with_smoker":6,"minecraft:inspect_dispenser":1,"minecraft:interact_with_smithing_table":30,"minecraft:interact_with_anvil":12,"minecraft:inspect_hopper":1,"minecraft:sneak_time":40602,"minecraft:total_world_time":1349818,"minecraft:interact_with_stonecutter":3,"minecraft:time_since_rest":427,"minecraft:swim_one_cm":94584,"minecraft:fly_one_cm":4236167,"minecraft:open_chest":240,"minecraft:fall_one_cm":453037,"minecraft:sprint_one_cm":2565733,"minecraft:drop":311,"minecraft:talked_to_villager":17,"minecraft:interact_with_brewingstand":49,"minecraft:walk_on_water_one_cm":79098,"minecraft:player_kills":19,"minecraft:crouch_one_cm":136561,"minecraft:mob_kills":154,"minecraft:climb_one_cm":7477,"minecraft:walk_one_cm":2212641,"minecraft:raid_win":1,"minecraft:walk_under_water_one_cm":63785,"minecraft:interact_with_grindstone":1,"minecraft:damage_taken":49400,"minecraft:damage_absorbed":80},"minecraft:crafted":{"scguns:buckshot":12,"minecraft:blaze_powder":2,"minecraft:bookshelf":1,"minecraft:cooked_mutton":2,"minecraft:glass":24,"minecraft:diamond_helmet":2,"minecraft:diamond_leggings":3,"minecraft:glass_bottle":27,"scguns:small_casing_mold":1,"travelersbackpack:standard":5,"minecraft:copper_ingot":44,"megamons:cut_gyaradosite":1,"minecraft:light_gray_bed":2,"cobblemon:poke_ball":24,"minecraft:lectern":1,"naturescompass:naturescompass":1,"scguns:mechanical_press":1,"scguns:blank_mold":2,"minecraft:compass":1,"minecraft:iron_pickaxe":1,"minecraft:iron_block":3,"minecraft:gold_ingot":28,"minecraft:netherite_ingot":3,"minecraft:jukebox":1,"minecraft:iron_nugget":9,"megamons:cut_charizarditex":1,"minecraft:bone_meal":63,"travelersbackpack:blank_upgrade":4,"travelersbackpack:gold_tier_upgrade":1,"minecraft:stone_pickaxe":1,"minecraft:diamond_boots":2,"minecraft:dark_oak_planks":76,"securitycraft:quartz_mine":1,"scguns:firing_unit":1,"minecraft:netherite_pickaxe":1,"minecraft:dried_kelp":20,"minecraft:dark_oak_button":1,"minecraft:enchanted_book":11,"minecraft:gunpowder":1,"minecraft:white_bed":9,"minecraft:music_disc_5":1,"securitycraft:mine":6,"minecraft:spruce_pressure_plate":1,"minecraft:brown_carpet":3,"scguns:gunpowder_dust":6,"minecraft:bow":1,"minecraft:iron_boots":1,"minecraft:chest":5,"scguns:gun_bench":1,"minecraft:golden_boots":1,"scguns:gun_parts_mold":1,"scguns:gun_grip":1,"travelersbackpack:iron_tier_upgrade":1,"minecraft:crafting_table":4,"minecraft:spruce_planks":60,"minecraft:iron_helmet":1,"minecraft:wooden_pickaxe":1,"minecraft:baked_potato":133,"minecraft:brewing_stand":1,"megamons:cut_pidgeotite":1,"minecraft:tnt":2,"minecraft:dark_oak_slab":6,"minecraft:iron_chestplate":2,"minecraft:paper":15,"minecraft:diamond_pickaxe":1,"minecraft:shield":2,"minecraft:stick":24,"minecraft:iron_ingot":123,"minecraft:stone_sword":1,"scguns:gun_barrel":4,"minecraft:shears":1,"minecraft:raw_iron":18,"minecraft:fishing_rod":1,"minecraft:netherite_sword":1,"minecraft:furnace":2,"minecraft:netherite_chestplate":1,"minecraft:netherite_scrap":12,"travelersbackpack:diamond_tier_upgrade":2,"minecraft:cooked_beef":11,"minecraft:diamond_sword":1,"travelersbackpack:backpack_tank":4,"travelersbackpack:brown_sleeping_bag":1,"minecraft:bucket":1,"minecraft:stone_axe":1,"minecraft:air":0,"securitycraft:dirt_mine":4,"minecraft:white_wool":3,"minecraft:torch":16,"minecraft:diamond_chestplate":3},"minecraft:killed_by":{"minecraft:piglin_brute":5,"scguns:redcoat":1,"minecraft:magma_cube":2,"minecraft:vindicator":1,"minecraft:zombie":10,"minecraft:warden":2,"minecraft:guardian":1,"scguns:hornlin":3,"minecraft:ghast":3,"minecraft:evoker":1,"cobblemon:pokemon":22,"minecraft:creeper":9,"minecraft:piglin":4,"minecraft:cave_spider":1,"minecraft:witch":1,"minecraft:player":29,"minecraft:spider":1,"minecraft:skeleton":15},"minecraft:broken":{"minecraft:golden_boots":1,"minecraft:diamond_helmet":1,"minecraft:iron_boots":1,"minecraft:iron_chestplate":2,"minecraft:iron_leggings":1,"minecraft:iron_sword":1,"minecraft:leather_helmet":1,"minecraft:shield":1,"minecraft:iron_helmet":1,"scguns:brass_mask":1,"minecraft:leather_leggings":1,"minecraft:golden_leggings":1,"minecraft:stone_pickaxe":1,"minecraft:diamond_boots":1,"minecraft:golden_chestplate":1},"minecraft:dropped":{"minecraft:iron_sword":4,"minecraft:lapis_lazuli":4,"minecraft:cooked_beef":17,"minecraft:glass_bottle":3,"minecraft:diamond":5,"shroom_dealers:amethyst_deceiver":1,"megamons:raw_gengarite":1,"travelersbackpack:iron_tier_upgrade":2,"cobblemon:exp_share":1,"securitycraft:reinforced_spruce_fence_gate":1,"scguns:shotgun_shell":217,"minecraft:red_mushroom":5,"minecraft:emerald":188,"minecraft:dirt":12,"scguns:hog_round":4,"cobblemon:poke_ball":1,"scguns:callwell":4,"minecraft:bone_meal":64,"cobblemon:great_ball":22,"minecraft:sugar":1,"minecraft:dark_oak_planks":1,"shroom_dealers:cheese":1,"scguns:brass_mask":1,"cobblemon:ultra_ball":1,"minecraft:bone":3,"minecraft:stone_axe":1,"minecraft:sugar_cane":21,"minecraft:iron_nugget":14,"minecraft:cobbled_deepslate":8,"minecraft:obsidian":2,"minecraft:rotten_flesh":2,"minecraft:glowstone_dust":3,"minecraft:rabbit_foot":1,"minecraft:leather_boots":1,"minecraft:beef":3,"scguns:large_brass_casing":7,"cobblemon:max_potion":1,"minecraft:iron_ingot":132,"cobblemon:restoration_tank":1,"minecraft:wheat_seeds":12,"scguns:sulfur_chunk":3,"minecraft:tnt":1,"megamons:cut_garchompite":1,"minecraft:book":4,"minecraft:feather":4,"minecraft:cobblestone":13,"minecraft:coal":4,"minecraft:mushroom_stew":1,"minecraft:diamond_horse_armor":1,"minecraft:gray_wool":3,"travelersbackpack:blank_upgrade":4,"cobblemon:passho_berry":1,"minecraft:stripped_birch_log":2,"minecraft:string":3,"minecraft:netherite_ingot":1,"minecraft:stone_sword":1,"scguns:netherite_scrap_chunk":128,"minecraft:bowl":3,"scguns:pebbles":2,"megamons:cut_gengarite":1,"minecraft:chicken":1,"minecraft:clay_ball":1,"megamons:mega_cuff":3,"scguns:empty_cell":1,"cobblemon:skull_fossil":1,"megamons:anistarite_rough_geode_block":16,"minecraft:potato":5,"minecraft:spruce_planks":13,"cobblemon:healing_machine":1,"minecraft:carved_pumpkin":1,"minecraft:spider_eye":2,"minecraft:bow":2,"minecraft:soul_sand":2,"minecraft:leather":1,"scguns:ancient_brass":1,"megamons:cut_charizarditey":1,"cobblemon:revive":64,"scguns:iron_spear":3,"minecraft:flint":3,"scguns:raygun":2,"minecraft:dark_oak_log":65,"minecraft:brush":1,"minecraft:coast_armor_trim_smithing_template":4,"cobblemon:green_apricorn":1,"minecraft:amethyst_shard":5,"minecraft:polished_blackstone_bricks":12,"scguns:small_copper_casing":5,"minecraft:gold_ingot":3,"minecraft:gravel":20,"cobblemon:black_apricorn":1,"minecraft:cooked_mutton":14,"minecraft:honey_bottle":1,"patchouli:guide_book":2,"scguns:anthralite_nugget":2,"minecraft:rabbit_hide":5,"minecraft:gunpowder":4,"minecraft:beetroot_seeds":3,"minecraft:basalt":6,"minecraft:arrow":2,"scguns:krahg_round":128,"minecraft:quartz":13,"minecraft:oak_leaves":1,"minecraft:netherrack":316,"minecraft:water_bucket":2,"minecraft:bread":2,"cobblemon:wacan_berry":6,"minecraft:poisonous_potato":1,"minecraft:copper_ingot":1,"cobblemon:shiny_stone":2,"minecraft:grass_block":6,"minecraft:stick":13,"minecraft:diorite":10,"cobblemon:exp_candy_s":64,"minecraft:melon_slice":4,"minecraft:white_concrete":1,"megamons:cut_gyaradosite":4,"minecraft:iron_leggings":2,"cobblemon:x_special_defence":1,"minecraft:bucket":2,"minecraft:redstone":9,"securitycraft:mine":64,"minecraft:raw_copper":33,"minecraft:tuff":16,"minecraft:light_gray_wool":1,"megamons:anistarite_geode_block":1,"travelersbackpack:diamond_tier_upgrade":1,"securitycraft:universal_block_remover":1,"minecraft:shield":2,"scguns:sheol":1,"minecraft:andesite":11,"minecraft:pink_wool":4,"minecraft:wooden_pickaxe":2},"minecraft:used":{"megamons:anistarite_rough_geode_block":2,"minecraft:chest":3,"minecraft:rotten_flesh":46,"minecraft:soul_sand":8,"minecraft:villager_spawn_egg":4,"minecraft:grass_block":3,"minecraft:deepslate_copper_ore":1,"minecraft:copper_ore":2,"minecraft:dark_oak_button":1,"minecraft:bow":10,"minecraft:furnace":6,"minecraft:oak_sapling":1,"minecraft:egg":4,"minecraft:potato":6,"scguns:choke_bomb":3,"minecraft:emerald_ore":2,"minecraft:leather_leggings":1,"scguns:super_shotgun":24,"minecraft:stripped_birch_log":2,"minecraft:blackstone":7,"minecraft:wooden_pickaxe":18,"minecraft:oak_leaves":4,"minecraft:golden_apple":2,"minecraft:sand":1,"securitycraft:reinforced_spruce_fence_gate":1,"securitycraft:universal_block_remover":1,"minecraft:deepslate_iron_ore":1,"minecraft:lectern":1,"scguns:stun_grenade":41,"securitycraft:mine":1,"minecraft:nether_wart_block":4,"minecraft:diamond_sword":28,"travelersbackpack:magma_cube":12,"minecraft:poisonous_potato":2,"minecraft:stone_sword":117,"minecraft:red_concrete":2,"minecraft:music_disc_5":2,"minecraft:netherrack":639,"minecraft:torch":24,"cobblemon:pasture":3,"minecraft:brewing_stand":3,"minecraft:anvil":1,"minecraft:ancient_debris":1,"minecraft:nether_quartz_ore":8,"minecraft:rooted_dirt":1,"minecraft:smooth_basalt":2,"minecraft:bamboo":3,"minecraft:diamond_chestplate":1,"minecraft:basalt":3,"minecraft:beef":3,"securitycraft:dirt_mine":5,"minecraft:cobbled_deepslate":60,"minecraft:golden_axe":5,"minecraft:deepslate_emerald_ore":2,"minecraft:wheat_seeds":23,"minecraft:water_bucket":81,"minecraft:rabbit":2,"minecraft:sheep_spawn_egg":20,"minecraft:polished_blackstone_bricks":3,"securitycraft:deepslate_diamond_mine":1,"scguns:raygun":9,"minecraft:tnt":316,"minecraft:crafting_table":14,"minecraft:white_bed":15,"cobblemon:healing_machine":22,"minecraft:diamond_pickaxe":749,"cobblemon:oran_berry":27,"minecraft:iron_pickaxe":445,"minecraft:suspicious_stew":2,"minecraft:spruce_pressure_plate":1,"minecraft:leather_helmet":1,"minecraft:spruce_sapling":3,"scguns:bomb_lance":2,"minecraft:cobblestone":13,"minecraft:potion":1,"travelersbackpack:standard":12,"cobblemon:fossil_analyzer":5,"minecraft:porkchop":3,"minecraft:cooked_porkchop":7,"minecraft:dandelion":1,"minecraft:jukebox":1,"minecraft:diamond_leggings":3,"minecraft:iron_shovel":64,"minecraft:diamond_hoe":143,"minecraft:axolotl_spawn_egg":16,"minecraft:shield":80,"minecraft:iron_sword":283,"minecraft:iron_chestplate":2,"minecraft:mutton":4,"scguns:soul_drummer":73,"minecraft:carrot":10,"minecraft:tuff":4,"shroom_dealers:cooked_toadstool":2,"minecraft:axolotl_bucket":19,"securitycraft:diamond_mine":1,"minecraft:coal_ore":1,"minecraft:lantern":3,"minecraft:iron_helmet":1,"cobblemon:gimmighoul_chest":1,"minecraft:brown_carpet":6,"minecraft:golden_boots":1,"minecraft:chiseled_polished_blackstone":1,"minecraft:diamond_boots":1,"scguns:gun_bench":1,"minecraft:stone_pickaxe":131,"minecraft:oak_planks":4,"scguns:callwell":240,"minecraft:mushroom_stew":1,"securitycraft:quartz_mine":2,"minecraft:deepslate_redstone_ore":2,"cobblemon:restoration_tank":1,"minecraft:deepslate_lapis_ore":2,"minecraft:barrier":4,"minecraft:bread":59,"minecraft:brown_wool":3,"scguns:iron_spear":2,"megamons:charizarditex_crystal_ore":2,"minecraft:gravel":5,"minecraft:andesite":9,"minecraft:deepslate_coal_ore":1,"minecraft:white_concrete":2,"minecraft:coarse_dirt":7,"minecraft:bone_meal":65,"minecraft:experience_bottle":3,"minecraft:oak_fence":20,"minecraft:netherite_sword":48,"minecraft:rose_bush":4,"minecraft:flint_and_steel":15,"minecraft:redstone_ore":2,"minecraft:spruce_planks":8,"minecraft:dirt":27,"minecraft:diamond_helmet":2,"scguns:mechanical_press":1,"scguns:vehement_coal_ore":1,"minecraft:oak_stairs":1,"minecraft:iron_boots":1,"minecraft:netherite_pickaxe":1367,"minecraft:cooked_beef":16,"minecraft:light_gray_bed":3,"minecraft:cooked_mutton":34,"minecraft:iron_ore":1,"minecraft:amethyst_block":2,"minecraft:glass_bottle":27,"minecraft:netherite_chestplate":1,"cobblemon:monitor":14,"minecraft:baked_potato":56,"minecraft:stonecutter":2,"minecraft:stripped_dark_oak_log":2,"minecraft:spider_eye":1,"megamons:pidgeotite_crystal_ore":2,"minecraft:chicken":5,"minecraft:lapis_ore":2,"minecraft:stone_slab":2,"minecraft:golden_leggings":1,"minecraft:stone_axe":35,"minecraft:fishing_rod":6,"minecraft:bucket":102}},"DataVersion":3465}