{"stats":{"minecraft:used":{"minecraft:leather_leggings":1,"minecraft:amethyst_block":2,"minecraft:stone_sword":52,"megamons:anistarite_rough_geode_block":2,"minecraft:stone_pickaxe":131,"minecraft:shield":7,"minecraft:wooden_pickaxe":18,"minecraft:rotten_flesh":5,"minecraft:torch":13,"minecraft:tnt":2,"minecraft:crafting_table":4,"minecraft:white_bed":1,"cobblemon:healing_machine":2,"minecraft:iron_pickaxe":125,"minecraft:spruce_pressure_plate":1,"minecraft:leather_helmet":1,"minecraft:spruce_sapling":3,"minecraft:stone_axe":4,"minecraft:furnace":1,"minecraft:andesite":9,"minecraft:poisonous_potato":2},"minecraft:broken":{"minecraft:stone_pickaxe":1,"minecraft:leather_helmet":1,"minecraft:leather_leggings":1},"minecraft:killed":{"minecraft:cave_spider":1,"cobblemon:pokemon":2,"minecraft:spider":1,"minecraft:skeleton":1,"minecraft:zombie":1},"minecraft:dropped":{"minecraft:gravel":2,"minecraft:diamond":1,"minecraft:tuff":16,"megamons:anistarite_geode_block":1,"minecraft:coal":4,"minecraft:rabbit_hide":3,"minecraft:dirt":3,"minecraft:gunpowder":1,"minecraft:diorite":10,"minecraft:andesite":11,"minecraft:spider_eye":1,"minecraft:wooden_pickaxe":2,"minecraft:string":2},"minecraft:mined":{"megamons:anistarite_rough_geode_block":10,"minecraft:tuff":16,"minecraft:white_bed":1,"megamons:anistarite_geode_block":31,"minecraft:deepslate_diamond_ore":2,"minecraft:amethyst_cluster":2,"minecraft:crafting_table":4,"minecraft:torch":1,"minecraft:grass_block":1,"megamons:crystal_fire_stone_ore":1,"minecraft:copper_ore":9,"megamons:crystal_moon_stone_ore":2,"minecraft:spruce_leaves":14,"minecraft:deepslate_gold_ore":10,"minecraft:sugar_cane":1,"minecraft:diorite":4,"minecraft:amethyst_block":17,"minecraft:raw_iron_block":2,"minecraft:furnace":1,"minecraft:iron_ore":6,"minecraft:spruce_log":14,"minecraft:andesite":14,"megamons:crystal_dawn_stone_ore":1,"minecraft:coal_ore":21,"minecraft:deepslate_iron_ore":25,"minecraft:dirt":2,"minecraft:cobweb":11,"minecraft:stone":45,"minecraft:deepslate":51,"megamons:crystal_leaf_stone_ore":1},"minecraft:crafted":{"minecraft:raw_iron":18,"minecraft:crafting_table":2,"minecraft:spruce_planks":48,"minecraft:wooden_pickaxe":1,"minecraft:furnace":1,"minecraft:stone_axe":1,"minecraft:spruce_pressure_plate":1,"minecraft:air":0,"minecraft:white_wool":3,"minecraft:shield":1,"minecraft:stick":12,"minecraft:iron_ingot":6,"minecraft:iron_pickaxe":1,"minecraft:stone_pickaxe":1,"minecraft:stone_sword":1,"minecraft:white_bed":1,"minecraft:torch":12},"minecraft:picked_up":{"cobblemon:leaf_stone":1,"minecraft:crafting_table":3,"minecraft:cooked_beef":1,"minecraft:andesite":20,"minecraft:wooden_pickaxe":1,"minecraft:flint":3,"minecraft:tuff":16,"minecraft:amethyst_block":18,"megamons:anistarite_geode_block":33,"minecraft:dirt":3,"minecraft:string":14,"minecraft:raw_copper":32,"minecraft:bow":1,"minecraft:cobbled_deepslate":48,"minecraft:raw_gold":10,"minecraft:rabbit_hide":3,"cobblemon:moon_stone":2,"minecraft:sugar_cane":3,"minecraft:furnace":1,"minecraft:raw_iron":31,"minecraft:torch":1,"cobblemon:fire_stone":1,"minecraft:raw_iron_block":2,"minecraft:gravel":2,"minecraft:amethyst_shard":8,"minecraft:spruce_sapling":3,"minecraft:diorite":10,"minecraft:white_bed":1,"minecraft:spruce_log":12,"minecraft:spider_eye":1,"megamons:anistarite_rough_geode_block":14,"minecraft:tnt":2,"cobblemon:dawn_stone":1,"minecraft:arrow":1,"minecraft:rotten_flesh":1,"minecraft:diamond":2,"cobblemon:poke_ball":1,"minecraft:coal":25,"minecraft:cobblestone":45},"minecraft:killed_by":{"minecraft:player":3,"minecraft:cave_spider":1,"minecraft:skeleton":5,"minecraft:creeper":2,"minecraft:zombie":1},"minecraft:custom":{"minecraft:interact_with_furnace":14,"minecraft:mob_kills":8,"minecraft:interact_with_crafting_table":6,"minecraft:leave_game":1,"minecraft:time_since_death":1347,"minecraft:sleep_in_bed":1,"minecraft:time_since_rest":1376,"minecraft:sprint_one_cm":127093,"minecraft:damage_taken":3082,"minecraft:walk_one_cm":116736,"minecraft:damage_blocked_by_shield":420,"minecraft:drop":16,"minecraft:damage_dealt":2158,"minecraft:swim_one_cm":12440,"minecraft:player_kills":2,"minecraft:fly_one_cm":203263,"minecraft:open_chest":15,"minecraft:crouch_one_cm":5127,"minecraft:play_time":97625,"minecraft:deaths":12,"minecraft:sneak_time":2067,"minecraft:walk_under_water_one_cm":4167,"minecraft:jump":781,"minecraft:walk_on_water_one_cm":4112,"minecraft:total_world_time":97625,"minecraft:fall_one_cm":17277}},"DataVersion":3465}