{"stats":{"minecraft:mined":{"minecraft:grass":6,"minecraft:packed_ice":2,"minecraft:tall_grass":1,"minecraft:oak_leaves":1,"minecraft:azure_bluet":1},"minecraft:picked_up":{"scguns:small_copper_casing":2,"cobblemon:great_ball":11,"minecraft:azure_bluet":1,"scguns:small_brass_casing":3,"minecraft:potato":5,"scguns:empty_cell":4,"scguns:raygun":2},"minecraft:custom":{"minecraft:time_since_rest":641,"minecraft:crouch_one_cm":631,"minecraft:play_time":18818,"minecraft:sprint_one_cm":561,"minecraft:walk_one_cm":151115,"minecraft:damage_taken":1571,"minecraft:deaths":6,"minecraft:sneak_time":279,"minecraft:jump":90,"minecraft:damage_dealt":132,"minecraft:leave_game":1,"minecraft:time_since_death":602,"minecraft:walk_on_water_one_cm":154,"minecraft:total_world_time":18818,"minecraft:fly_one_cm":8342,"minecraft:fall_one_cm":1196,"minecraft:player_kills":4},"minecraft:killed_by":{"minecraft:player":6},"minecraft:used":{"scguns:raygun":21,"minecraft:potato":1,"minecraft:azure_bluet":1}},"DataVersion":3465}