{
  "uuid": "66cc7c7c-7eae-335a-93f4-30bb6e36d49c",
  "starterPrompted": true,
  "starterLocked": false,
  "starterSelected": true,
  "starterUUID": "81649086-78fd-4e75-8bab-edcf02bd263a",
  "keyItems": [],
  "battleTheme": "cobblemon:battle.pvp.default",
  "extraData": {},
  "advancementData": {
    "totalCaptureCount": 11,
    "totalEggsHatched": 0,
    "totalEvolvedCount": 9,
    "totalBattleVictoryCount": 95,
    "totalPvPBattleVictoryCount": 1,
    "totalPvWBattleVictoryCount": 91,
    "totalPvNBattleVictoryCount": 3,
    "totalShinyCaptureCount": 0,
    "totalTradedCount": 9,
    "totalTypeCaptureCounts": {
      "normal": 4,
      "fighting": 4,
      "flying": 2,
      "poison": 1,
      "fire": 2,
      "water": 1
    },
    "totalDefeatedCounts": {
      "cobblemon:swinub": 2,
      "cobblemon:taillow": 4,
      "cobblemon:patrat": 6,
      "cobblemon:snorunt": 1,
      "cobblemon:magikarp": 2,
      "cobblemon:bunnelby": 4,
      "cobblemon:salandit": 1,
      "cobblemon:gastly": 1,
      "cobblemon:slugma": 1,
      "cobblemon:darumaka": 1,
      "cobblemon:mankey": 4,
      "cobblemon:butterfree": 3,
      "cobblemon:natu": 1,
      "cobblemon:pidgey": 3,
      "cobblemon:skiddo": 2,
      "cobblemon:cutiefly": 1,
      "cobblemon:buneary": 3,
      "cobblemon:jigglypuff": 1,
      "cobblemon:lopunny": 2,
      "cobblemon:gossifleur": 1,
      "cobblemon:cottonee": 1,
      "cobblemon:sentret": 2,
      "cobblemon:klink": 1,
      "cobblemon:tandemaus": 2,
      "cobblemon:mareep": 4,
      "cobblemon:dubwool": 2,
      "cobblemon:zigzagoon": 1,
      "cobblemon:sneasel": 1,
      "cobblemon:wooloo": 2,
      "cobblemon:furret": 1,
      "cobblemon:linoone": 1,
      "cobblemon:rookidee": 2,
      "cobblemon:petilil": 1,
      "cobblemon:miltank": 1,
      "cobblemon:geodude": 1,
      "cobblemon:graveler": 1,
      "cobblemon:meowth": 1,
      "cobblemon:teddiursa": 1,
      "cobblemon:lickitung": 1,
      "cobblemon:mudsdale": 1,
      "cobblemon:hippowdon": 1,
      "cobblemon:munchlax": 1,
      "cobblemon:oinkologne": 1,
      "cobblemon:swellow": 1,
      "cobblemon:charcadet": 2,
      "cobblemon:rattata": 1,
      "cobblemon:lurantis": 1
    },
    "aspectsCollected": {}
  }
}