{
  "uuid": "66cc7c7c-7eae-335a-93f4-30bb6e36d49c",
  "starterPrompted": true,
  "starterLocked": false,
  "starterSelected": true,
  "starterUUID": "81649086-78fd-4e75-8bab-edcf02bd263a",
  "keyItems": [],
  "battleTheme": "cobblemon:battle.pvp.default",
  "extraData": {},
  "advancementData": {
    "totalCaptureCount": 5,
    "totalEggsHatched": 0,
    "totalEvolvedCount": 4,
    "totalBattleVictoryCount": 31,
    "totalPvPBattleVictoryCount": 1,
    "totalPvWBattleVictoryCount": 27,
    "totalPvNBattleVictoryCount": 3,
    "totalShinyCaptureCount": 0,
    "totalTradedCount": 1,
    "totalTypeCaptureCounts": {
      "normal": 2,
      "fighting": 3
    },
    "totalDefeatedCounts": {
      "cobblemon:swinub": 2,
      "cobblemon:taillow": 1,
      "cobblemon:patrat": 2,
      "cobblemon:snorunt": 1,
      "cobblemon:magikarp": 1,
      "cobblemon:bunnelby": 1,
      "cobblemon:salandit": 1,
      "cobblemon:gastly": 1,
      "cobblemon:slugma": 1,
      "cobblemon:darumaka": 1,
      "cobblemon:mankey": 2,
      "cobblemon:butterfree": 1,
      "cobblemon:natu": 1,
      "cobblemon:pidgey": 3,
      "cobblemon:skiddo": 1,
      "cobblemon:cutiefly": 1,
      "cobblemon:buneary": 1
    },
    "aspectsCollected": {}
  }
}