{
  "uuid": "66cc7c7c-7eae-335a-93f4-30bb6e36d49c",
  "starterPrompted": true,
  "starterLocked": false,
  "starterSelected": true,
  "starterUUID": "81649086-78fd-4e75-8bab-edcf02bd263a",
  "keyItems": [],
  "battleTheme": "cobblemon:battle.pvp.default",
  "extraData": {},
  "advancementData": {
    "totalCaptureCount": 14,
    "totalEggsHatched": 0,
    "totalEvolvedCount": 12,
    "totalBattleVictoryCount": 164,
    "totalPvPBattleVictoryCount": 2,
    "totalPvWBattleVictoryCount": 159,
    "totalPvNBattleVictoryCount": 3,
    "totalShinyCaptureCount": 0,
    "totalTradedCount": 11,
    "totalTypeCaptureCounts": {
      "normal": 4,
      "fighting": 5,
      "flying": 2,
      "poison": 2,
      "fire": 2,
      "water": 1,
      "psychic": 1,
      "ghost": 2
    },
    "totalDefeatedCounts": {
      "cobblemon:swinub": 2,
      "cobblemon:taillow": 7,
      "cobblemon:patrat": 6,
      "cobblemon:snorunt": 1,
      "cobblemon:magikarp": 2,
      "cobblemon:bunnelby": 4,
      "cobblemon:salandit": 1,
      "cobblemon:gastly": 3,
      "cobblemon:slugma": 1,
      "cobblemon:darumaka": 1,
      "cobblemon:mankey": 4,
      "cobblemon:butterfree": 8,
      "cobblemon:natu": 1,
      "cobblemon:pidgey": 3,
      "cobblemon:skiddo": 5,
      "cobblemon:cutiefly": 1,
      "cobblemon:buneary": 5,
      "cobblemon:jigglypuff": 1,
      "cobblemon:lopunny": 2,
      "cobblemon:gossifleur": 2,
      "cobblemon:cottonee": 1,
      "cobblemon:sentret": 6,
      "cobblemon:klink": 1,
      "cobblemon:tandemaus": 2,
      "cobblemon:mareep": 8,
      "cobblemon:dubwool": 3,
      "cobblemon:zigzagoon": 2,
      "cobblemon:sneasel": 1,
      "cobblemon:wooloo": 6,
      "cobblemon:furret": 2,
      "cobblemon:linoone": 1,
      "cobblemon:rookidee": 2,
      "cobblemon:petilil": 2,
      "cobblemon:miltank": 3,
      "cobblemon:geodude": 5,
      "cobblemon:graveler": 1,
      "cobblemon:meowth": 1,
      "cobblemon:teddiursa": 1,
      "cobblemon:lickitung": 1,
      "cobblemon:mudsdale": 3,
      "cobblemon:hippowdon": 1,
      "cobblemon:munchlax": 2,
      "cobblemon:oinkologne": 1,
      "cobblemon:swellow": 1,
      "cobblemon:charcadet": 2,
      "cobblemon:rattata": 2,
      "cobblemon:lurantis": 1,
      "cobblemon:bouffalant": 4,
      "cobblemon:deerling": 1,
      "cobblemon:ponyta": 1,
      "cobblemon:vivillon": 1,
      "cobblemon:tauros": 1,
      "cobblemon:combee": 5,
      "cobblemon:primeape": 1,
      "cobblemon:rapidash": 1,
      "cobblemon:mudbray": 1,
      "cobblemon:comfey": 1,
      "cobblemon:voltorb": 1,
      "cobblemon:lechonk": 1,
      "cobblemon:machop": 1,
      "cobblemon:stonjourner": 1,
      "cobblemon:fomantis": 1,
      "cobblemon:igglybuff": 1
    },
    "aspectsCollected": {}
  }
}