{
  "uuid": "66cc7c7c-7eae-335a-93f4-30bb6e36d49c",
  "starterPrompted": true,
  "starterLocked": false,
  "starterSelected": true,
  "starterUUID": "81649086-78fd-4e75-8bab-edcf02bd263a",
  "keyItems": [],
  "battleTheme": "cobblemon:battle.pvp.default",
  "extraData": {},
  "advancementData": {
    "totalCaptureCount": 0,
    "totalEggsHatched": 0,
    "totalEvolvedCount": 0,
    "totalBattleVictoryCount": 5,
    "totalPvPBattleVictoryCount": 1,
    "totalPvWBattleVictoryCount": 4,
    "totalPvNBattleVictoryCount": 0,
    "totalShinyCaptureCount": 0,
    "totalTradedCount": 0,
    "totalTypeCaptureCounts": {},
    "totalDefeatedCounts": {
      "cobblemon:swinub": 2,
      "cobblemon:taillow": 1,
      "cobblemon:patrat": 1
    },
    "aspectsCollected": {}
  }
}