{
  "uuid": "89fd5ff1-3f0a-3201-8ffc-46551614e6ac",
  "starterPrompted": true,
  "starterLocked": false,
  "starterSelected": true,
  "starterUUID": "eb699a18-dc56-4e35-8896-411cc689c9ed",
  "keyItems": [],
  "battleTheme": "cobblemon:battle.pvp.default",
  "extraData": {},
  "advancementData": {
    "totalCaptureCount": 21,
    "totalEggsHatched": 0,
    "totalEvolvedCount": 2,
    "totalBattleVictoryCount": 11,
    "totalPvPBattleVictoryCount": 0,
    "totalPvWBattleVictoryCount": 11,
    "totalPvNBattleVictoryCount": 0,
    "totalShinyCaptureCount": 0,
    "totalTradedCount": 0,
    "totalTypeCaptureCounts": {
      "rock": 2,
      "psychic": 1,
      "fire": 4,
      "ghost": 4,
      "poison": 1,
      "bug": 1,
      "normal": 4,
      "dark": 1,
      "water": 2,
      "ground": 2,
      "steel": 1,
      "grass": 3,
      "ice": 3
    },
    "totalDefeatedCounts": {
      "cobblemon:magikarp": 1,
      "cobblemon:gimmighoul": 3,
      "cobblemon:deerling": 1,
      "cobblemon:durant": 1,
      "cobblemon:dreepy": 1
    },
    "aspectsCollected": {}
  }
}