{
  "uuid": "89fd5ff1-3f0a-3201-8ffc-46551614e6ac",
  "starterPrompted": true,
  "starterLocked": false,
  "starterSelected": true,
  "starterUUID": "eb699a18-dc56-4e35-8896-411cc689c9ed",
  "keyItems": [],
  "battleTheme": "cobblemon:battle.pvp.default",
  "extraData": {},
  "advancementData": {
    "totalCaptureCount": 9,
    "totalEggsHatched": 0,
    "totalEvolvedCount": 1,
    "totalBattleVictoryCount": 5,
    "totalPvPBattleVictoryCount": 0,
    "totalPvWBattleVictoryCount": 5,
    "totalPvNBattleVictoryCount": 0,
    "totalShinyCaptureCount": 0,
    "totalTradedCount": 0,
    "totalTypeCaptureCounts": {
      "rock": 1,
      "psychic": 1,
      "fire": 3,
      "ghost": 2,
      "poison": 1,
      "bug": 1,
      "normal": 2,
      "dark": 1
    },
    "totalDefeatedCounts": {
      "cobblemon:magikarp": 1,
      "cobblemon:gimmighoul": 1,
      "cobblemon:deerling": 1,
      "cobblemon:durant": 1
    },
    "aspectsCollected": {}
  }
}