{
  "uuid": "8e710c1c-e705-38a3-8b89-be18b8ce0d63",
  "starterPrompted": true,
  "starterLocked": false,
  "starterSelected": true,
  "starterUUID": "36c66fa1-733e-4ea5-a41d-42314cbb8227",
  "keyItems": [],
  "battleTheme": "cobblemon:battle.pvp.default",
  "extraData": {},
  "advancementData": {
    "totalCaptureCount": 21,
    "totalEggsHatched": 0,
    "totalEvolvedCount": 6,
    "totalBattleVictoryCount": 55,
    "totalPvPBattleVictoryCount": 0,
    "totalPvWBattleVictoryCount": 54,
    "totalPvNBattleVictoryCount": 1,
    "totalShinyCaptureCount": 0,
    "totalTradedCount": 6,
    "totalTypeCaptureCounts": {
      "rock": 2,
      "ground": 3,
      "ice": 1,
      "fire": 2,
      "ghost": 1,
      "poison": 3,
      "fighting": 1,
      "grass": 5,
      "normal": 4,
      "psychic": 1,
      "fairy": 2,
      "electric": 2,
      "flying": 1
    },
    "totalDefeatedCounts": {
      "cobblemon:sentret": 2,
      "cobblemon:machop": 1,
      "cobblemon:buneary": 1,
      "cobblemon:seedot": 1,
      "cobblemon:rookidee": 2,
      "cobblemon:zigzagoon": 2,
      "cobblemon:weedle": 1,
      "cobblemon:drowzee": 3,
      "cobblemon:numel": 2,
      "cobblemon:snorunt": 2,
      "cobblemon:rapidash": 1,
      "cobblemon:teddiursa": 1,
      "cobblemon:cottonee": 1,
      "cobblemon:patrat": 2,
      "cobblemon:mankey": 1,
      "cobblemon:taillow": 1,
      "cobblemon:gossifleur": 1,
      "cobblemon:deerling": 1,
      "cobblemon:geodude": 1,
      "cobblemon:starly": 1,
      "cobblemon:mareep": 1,
      "cobblemon:igglybuff": 1,
      "cobblemon:spinda": 1,
      "cobblemon:mudbray": 1,
      "cobblemon:combee": 1,
      "cobblemon:oinkologne": 1,
      "cobblemon:armarouge": 1
    },
    "aspectsCollected": {}
  }
}