{
  "uuid": "8e710c1c-e705-38a3-8b89-be18b8ce0d63",
  "starterPrompted": true,
  "starterLocked": false,
  "starterSelected": true,
  "starterUUID": "36c66fa1-733e-4ea5-a41d-42314cbb8227",
  "keyItems": [],
  "battleTheme": "cobblemon:battle.pvp.default",
  "extraData": {},
  "advancementData": {
    "totalCaptureCount": 2,
    "totalEggsHatched": 0,
    "totalEvolvedCount": 0,
    "totalBattleVictoryCount": 2,
    "totalPvPBattleVictoryCount": 0,
    "totalPvWBattleVictoryCount": 2,
    "totalPvNBattleVictoryCount": 0,
    "totalShinyCaptureCount": 0,
    "totalTradedCount": 0,
    "totalTypeCaptureCounts": {
      "rock": 1,
      "ground": 1,
      "ice": 1
    },
    "totalDefeatedCounts": {
      "cobblemon:sentret": 1
    },
    "aspectsCollected": {}
  }
}