{
  "uuid": "39ce114c-ccf6-3e41-86ce-9dea49dfeb1f",
  "starterPrompted": true,
  "starterLocked": false,
  "starterSelected": true,
  "starterUUID": "ab523842-ba8b-498a-b7bf-26678939a3cc",
  "keyItems": [],
  "battleTheme": "cobblemon:battle.pvp.default",
  "extraData": {},
  "advancementData": {
    "totalCaptureCount": 9,
    "totalEggsHatched": 0,
    "totalEvolvedCount": 4,
    "totalBattleVictoryCount": 58,
    "totalPvPBattleVictoryCount": 1,
    "totalPvWBattleVictoryCount": 57,
    "totalPvNBattleVictoryCount": 0,
    "totalShinyCaptureCount": 0,
    "totalTradedCount": 0,
    "totalTypeCaptureCounts": {
      "normal": 3,
      "flying": 3,
      "dark": 1,
      "dragon": 1,
      "ghost": 1,
      "poison": 1,
      "grass": 1,
      "electric": 1,
      "psychic": 1,
      "fairy": 2,
      "bug": 1
    },
    "totalDefeatedCounts": {
      "cobblemon:taillow": 2,
      "cobblemon:sentret": 4,
      "cobblemon:weedle": 1,
      "cobblemon:seedot": 1,
      "cobblemon:caterpie": 2,
      "cobblemon:roggenrola": 1,
      "cobblemon:zigzagoon": 3,
      "cobblemon:magikarp": 2,
      "cobblemon:rookidee": 1,
      "cobblemon:pidgey": 1,
      "cobblemon:whimsicott": 1,
      "cobblemon:furret": 1,
      "cobblemon:combee": 6,
      "cobblemon:bunnelby": 1,
      "cobblemon:voltorb": 1,
      "cobblemon:buneary": 1,
      "cobblemon:cottonee": 1,
      "cobblemon:durant": 2,
      "cobblemon:stonjourner": 1,
      "cobblemon:rattata": 1,
      "cobblemon:gossifleur": 1,
      "cobblemon:machop": 1,
      "cobblemon:vivillon": 2,
      "cobblemon:mankey": 3,
      "cobblemon:nickit": 1,
      "cobblemon:koffing": 1,
      "cobblemon:petilil": 1,
      "cobblemon:beedrill": 1,
      "cobblemon:deerling": 1,
      "cobblemon:butterfree": 1,
      "cobblemon:fomantis": 1
    },
    "aspectsCollected": {}
  }
}