{
  "uuid": "39ce114c-ccf6-3e41-86ce-9dea49dfeb1f",
  "starterPrompted": true,
  "starterLocked": false,
  "starterSelected": true,
  "starterUUID": "ab523842-ba8b-498a-b7bf-26678939a3cc",
  "keyItems": [],
  "battleTheme": "cobblemon:battle.pvp.default",
  "extraData": {},
  "advancementData": {
    "totalCaptureCount": 97,
    "totalEggsHatched": 0,
    "totalEvolvedCount": 28,
    "totalBattleVictoryCount": 274,
    "totalPvPBattleVictoryCount": 1,
    "totalPvWBattleVictoryCount": 272,
    "totalPvNBattleVictoryCount": 1,
    "totalShinyCaptureCount": 0,
    "totalTradedCount": 15,
    "totalTypeCaptureCounts": {
      "normal": 17,
      "flying": 18,
      "dark": 5,
      "dragon": 4,
      "ghost": 7,
      "poison": 10,
      "grass": 11,
      "electric": 4,
      "psychic": 7,
      "fairy": 8,
      "bug": 8,
      "water": 5,
      "fire": 14,
      "ground": 10,
      "ice": 2,
      "fighting": 3,
      "rock": 6,
      "steel": 6
    },
    "totalDefeatedCounts": {
      "cobblemon:taillow": 2,
      "cobblemon:sentret": 5,
      "cobblemon:weedle": 1,
      "cobblemon:seedot": 1,
      "cobblemon:caterpie": 2,
      "cobblemon:roggenrola": 1,
      "cobblemon:zigzagoon": 3,
      "cobblemon:magikarp": 2,
      "cobblemon:rookidee": 2,
      "cobblemon:pidgey": 1,
      "cobblemon:whimsicott": 2,
      "cobblemon:furret": 3,
      "cobblemon:combee": 11,
      "cobblemon:bunnelby": 1,
      "cobblemon:voltorb": 2,
      "cobblemon:buneary": 1,
      "cobblemon:cottonee": 2,
      "cobblemon:durant": 7,
      "cobblemon:stonjourner": 11,
      "cobblemon:rattata": 1,
      "cobblemon:gossifleur": 1,
      "cobblemon:machop": 1,
      "cobblemon:vivillon": 4,
      "cobblemon:mankey": 8,
      "cobblemon:nickit": 1,
      "cobblemon:koffing": 1,
      "cobblemon:petilil": 1,
      "cobblemon:beedrill": 2,
      "cobblemon:deerling": 2,
      "cobblemon:butterfree": 6,
      "cobblemon:fomantis": 1,
      "cobblemon:fletchling": 1,
      "cobblemon:krabby": 1,
      "cobblemon:pichu": 1,
      "cobblemon:murkrow": 2,
      "cobblemon:phantump": 1,
      "cobblemon:haunter": 2,
      "cobblemon:slugma": 1,
      "cobblemon:gastly": 5,
      "cobblemon:magby": 6,
      "cobblemon:salandit": 1,
      "cobblemon:darumaka": 1,
      "cobblemon:sneasler": 1,
      "cobblemon:watchog": 4,
      "cobblemon:diggersby": 2,
      "cobblemon:bellsprout": 1,
      "cobblemon:aipom": 1,
      "cobblemon:electabuzz": 2,
      "cobblemon:graveler": 1,
      "cobblemon:tauros": 2,
      "cobblemon:forretress": 1,
      "cobblemon:lopunny": 2,
      "cobblemon:bouffalant": 14,
      "cobblemon:lickitung": 1,
      "cobblemon:weezing": 1,
      "cobblemon:hariyama": 1,
      "cobblemon:swellow": 1,
      "cobblemon:miltank": 3,
      "cobblemon:darmanitan": 1,
      "cobblemon:flaaffy": 1,
      "cobblemon:stantler": 3,
      "cobblemon:klink": 1,
      "cobblemon:gogoat": 1,
      "cobblemon:minun": 1,
      "cobblemon:linoone": 3,
      "cobblemon:volbeat": 1,
      "cobblemon:hypno": 1,
      "cobblemon:mabosstiff": 1,
      "cobblemon:heatmor": 1,
      "cobblemon:cutiefly": 1,
      "cobblemon:natu": 1,
      "cobblemon:bellossom": 1,
      "cobblemon:gloom": 1,
      "cobblemon:golem": 1,
      "cobblemon:chatot": 1,
      "cobblemon:noctowl": 1,
      "cobblemon:teddiursa": 1,
      "cobblemon:kakuna": 1,
      "cobblemon:mudsdale": 2,
      "cobblemon:growlithe": 1,
      "cobblemon:lurantis": 3,
      "cobblemon:cacnea": 2,
      "cobblemon:komala": 1,
      "cobblemon:luxray": 1,
      "cobblemon:maractus": 1,
      "cobblemon:rapidash": 1,
      "cobblemon:numel": 1,
      "cobblemon:wigglytuff": 1,
      "cobblemon:spinda": 1,
      "cobblemon:seel": 1,
      "cobblemon:cloyster": 1
    },
    "aspectsCollected": {}
  }
}