{
  "uuid": "39ce114c-ccf6-3e41-86ce-9dea49dfeb1f",
  "starterPrompted": true,
  "starterLocked": false,
  "starterSelected": true,
  "starterUUID": "ab523842-ba8b-498a-b7bf-26678939a3cc",
  "keyItems": [],
  "battleTheme": "cobblemon:battle.pvp.default",
  "extraData": {},
  "advancementData": {
    "totalCaptureCount": 122,
    "totalEggsHatched": 0,
    "totalEvolvedCount": 41,
    "totalBattleVictoryCount": 397,
    "totalPvPBattleVictoryCount": 3,
    "totalPvWBattleVictoryCount": 392,
    "totalPvNBattleVictoryCount": 2,
    "totalShinyCaptureCount": 0,
    "totalTradedCount": 17,
    "totalTypeCaptureCounts": {
      "normal": 22,
      "flying": 20,
      "dark": 8,
      "dragon": 4,
      "ghost": 10,
      "poison": 12,
      "grass": 15,
      "electric": 6,
      "psychic": 9,
      "fairy": 14,
      "bug": 10,
      "water": 5,
      "fire": 15,
      "ground": 10,
      "ice": 3,
      "fighting": 6,
      "rock": 6,
      "steel": 7
    },
    "totalDefeatedCounts": {
      "cobblemon:taillow": 2,
      "cobblemon:sentret": 5,
      "cobblemon:weedle": 1,
      "cobblemon:seedot": 1,
      "cobblemon:caterpie": 2,
      "cobblemon:roggenrola": 1,
      "cobblemon:zigzagoon": 3,
      "cobblemon:magikarp": 2,
      "cobblemon:rookidee": 2,
      "cobblemon:pidgey": 1,
      "cobblemon:whimsicott": 3,
      "cobblemon:furret": 6,
      "cobblemon:combee": 11,
      "cobblemon:bunnelby": 1,
      "cobblemon:voltorb": 2,
      "cobblemon:buneary": 4,
      "cobblemon:cottonee": 2,
      "cobblemon:durant": 11,
      "cobblemon:stonjourner": 14,
      "cobblemon:rattata": 1,
      "cobblemon:gossifleur": 1,
      "cobblemon:machop": 2,
      "cobblemon:vivillon": 7,
      "cobblemon:mankey": 8,
      "cobblemon:nickit": 1,
      "cobblemon:koffing": 3,
      "cobblemon:petilil": 1,
      "cobblemon:beedrill": 2,
      "cobblemon:deerling": 2,
      "cobblemon:butterfree": 13,
      "cobblemon:fomantis": 1,
      "cobblemon:fletchling": 1,
      "cobblemon:krabby": 1,
      "cobblemon:pichu": 1,
      "cobblemon:murkrow": 2,
      "cobblemon:phantump": 1,
      "cobblemon:haunter": 2,
      "cobblemon:slugma": 1,
      "cobblemon:gastly": 5,
      "cobblemon:magby": 7,
      "cobblemon:salandit": 1,
      "cobblemon:darumaka": 1,
      "cobblemon:sneasler": 1,
      "cobblemon:watchog": 5,
      "cobblemon:diggersby": 2,
      "cobblemon:bellsprout": 1,
      "cobblemon:aipom": 1,
      "cobblemon:electabuzz": 2,
      "cobblemon:graveler": 5,
      "cobblemon:tauros": 5,
      "cobblemon:forretress": 2,
      "cobblemon:lopunny": 3,
      "cobblemon:bouffalant": 30,
      "cobblemon:lickitung": 3,
      "cobblemon:weezing": 1,
      "cobblemon:hariyama": 1,
      "cobblemon:swellow": 1,
      "cobblemon:miltank": 11,
      "cobblemon:darmanitan": 1,
      "cobblemon:flaaffy": 3,
      "cobblemon:stantler": 3,
      "cobblemon:klink": 1,
      "cobblemon:gogoat": 2,
      "cobblemon:minun": 1,
      "cobblemon:linoone": 4,
      "cobblemon:volbeat": 1,
      "cobblemon:hypno": 1,
      "cobblemon:mabosstiff": 2,
      "cobblemon:heatmor": 2,
      "cobblemon:cutiefly": 1,
      "cobblemon:natu": 1,
      "cobblemon:bellossom": 2,
      "cobblemon:gloom": 1,
      "cobblemon:golem": 2,
      "cobblemon:chatot": 1,
      "cobblemon:noctowl": 1,
      "cobblemon:teddiursa": 1,
      "cobblemon:kakuna": 1,
      "cobblemon:mudsdale": 2,
      "cobblemon:growlithe": 2,
      "cobblemon:lurantis": 3,
      "cobblemon:cacnea": 2,
      "cobblemon:komala": 1,
      "cobblemon:luxray": 1,
      "cobblemon:maractus": 1,
      "cobblemon:rapidash": 3,
      "cobblemon:numel": 1,
      "cobblemon:wigglytuff": 2,
      "cobblemon:spinda": 1,
      "cobblemon:seel": 1,
      "cobblemon:cloyster": 1,
      "cobblemon:fletchinder": 1,
      "cobblemon:ursaring": 1,
      "cobblemon:corvisquire": 2,
      "cobblemon:poltchageist": 1,
      "cobblemon:eldegoss": 1,
      "cobblemon:pidgeotto": 1,
      "cobblemon:copperajah": 1,
      "cobblemon:lilligant": 1,
      "cobblemon:roselia": 3,
      "cobblemon:oddish": 1,
      "cobblemon:dubwool": 2,
      "cobblemon:xatu": 1,
      "cobblemon:ampharos": 1,
      "cobblemon:primeape": 2,
      "cobblemon:sneasel": 1,
      "cobblemon:basculin": 1,
      "cobblemon:geodude": 1,
      "cobblemon:pidgeot": 1,
      "cobblemon:ribombee": 1,
      "cobblemon:avalugg": 1,
      "cobblemon:cryogonal": 1
    },
    "aspectsCollected": {}
  }
}