{
  "uuid": "39ce114c-ccf6-3e41-86ce-9dea49dfeb1f",
  "starterPrompted": true,
  "starterLocked": false,
  "starterSelected": true,
  "starterUUID": "ab523842-ba8b-498a-b7bf-26678939a3cc",
  "keyItems": [],
  "battleTheme": "cobblemon:battle.pvp.default",
  "extraData": {},
  "advancementData": {
    "totalCaptureCount": 4,
    "totalEggsHatched": 0,
    "totalEvolvedCount": 2,
    "totalBattleVictoryCount": 35,
    "totalPvPBattleVictoryCount": 1,
    "totalPvWBattleVictoryCount": 34,
    "totalPvNBattleVictoryCount": 0,
    "totalShinyCaptureCount": 0,
    "totalTradedCount": 0,
    "totalTypeCaptureCounts": {
      "normal": 2,
      "flying": 2,
      "dark": 1,
      "dragon": 1,
      "ghost": 1,
      "poison": 1
    },
    "totalDefeatedCounts": {
      "cobblemon:taillow": 2,
      "cobblemon:sentret": 4,
      "cobblemon:weedle": 1,
      "cobblemon:seedot": 1,
      "cobblemon:caterpie": 1,
      "cobblemon:roggenrola": 1,
      "cobblemon:zigzagoon": 1,
      "cobblemon:magikarp": 2,
      "cobblemon:rookidee": 1,
      "cobblemon:pidgey": 1,
      "cobblemon:whimsicott": 1,
      "cobblemon:furret": 1,
      "cobblemon:combee": 3,
      "cobblemon:bunnelby": 1,
      "cobblemon:voltorb": 1,
      "cobblemon:buneary": 1,
      "cobblemon:cottonee": 1,
      "cobblemon:durant": 2,
      "cobblemon:stonjourner": 1,
      "cobblemon:rattata": 1,
      "cobblemon:gossifleur": 1,
      "cobblemon:machop": 1
    },
    "aspectsCollected": {}
  }
}