{
  "uuid": "39ce114c-ccf6-3e41-86ce-9dea49dfeb1f",
  "starterPrompted": true,
  "starterLocked": false,
  "starterSelected": true,
  "starterUUID": "ab523842-ba8b-498a-b7bf-26678939a3cc",
  "keyItems": [],
  "battleTheme": "cobblemon:battle.pvp.default",
  "extraData": {},
  "advancementData": {
    "totalCaptureCount": 61,
    "totalEggsHatched": 0,
    "totalEvolvedCount": 17,
    "totalBattleVictoryCount": 202,
    "totalPvPBattleVictoryCount": 1,
    "totalPvWBattleVictoryCount": 200,
    "totalPvNBattleVictoryCount": 1,
    "totalShinyCaptureCount": 0,
    "totalTradedCount": 6,
    "totalTypeCaptureCounts": {
      "normal": 12,
      "flying": 11,
      "dark": 2,
      "dragon": 1,
      "ghost": 6,
      "poison": 8,
      "grass": 9,
      "electric": 3,
      "psychic": 4,
      "fairy": 7,
      "bug": 7,
      "water": 2,
      "fire": 9,
      "ground": 2,
      "ice": 2,
      "fighting": 3,
      "rock": 1,
      "steel": 1
    },
    "totalDefeatedCounts": {
      "cobblemon:taillow": 2,
      "cobblemon:sentret": 5,
      "cobblemon:weedle": 1,
      "cobblemon:seedot": 1,
      "cobblemon:caterpie": 2,
      "cobblemon:roggenrola": 1,
      "cobblemon:zigzagoon": 3,
      "cobblemon:magikarp": 2,
      "cobblemon:rookidee": 2,
      "cobblemon:pidgey": 1,
      "cobblemon:whimsicott": 2,
      "cobblemon:furret": 3,
      "cobblemon:combee": 9,
      "cobblemon:bunnelby": 1,
      "cobblemon:voltorb": 2,
      "cobblemon:buneary": 1,
      "cobblemon:cottonee": 2,
      "cobblemon:durant": 6,
      "cobblemon:stonjourner": 9,
      "cobblemon:rattata": 1,
      "cobblemon:gossifleur": 1,
      "cobblemon:machop": 1,
      "cobblemon:vivillon": 4,
      "cobblemon:mankey": 8,
      "cobblemon:nickit": 1,
      "cobblemon:koffing": 1,
      "cobblemon:petilil": 1,
      "cobblemon:beedrill": 2,
      "cobblemon:deerling": 2,
      "cobblemon:butterfree": 4,
      "cobblemon:fomantis": 1,
      "cobblemon:fletchling": 1,
      "cobblemon:krabby": 1,
      "cobblemon:pichu": 1,
      "cobblemon:murkrow": 2,
      "cobblemon:phantump": 1,
      "cobblemon:haunter": 1,
      "cobblemon:slugma": 1,
      "cobblemon:gastly": 4,
      "cobblemon:magby": 3,
      "cobblemon:salandit": 1,
      "cobblemon:darumaka": 1,
      "cobblemon:sneasler": 1,
      "cobblemon:watchog": 4,
      "cobblemon:diggersby": 1,
      "cobblemon:bellsprout": 1,
      "cobblemon:aipom": 1,
      "cobblemon:electabuzz": 2,
      "cobblemon:graveler": 1,
      "cobblemon:tauros": 1,
      "cobblemon:forretress": 1,
      "cobblemon:lopunny": 2,
      "cobblemon:bouffalant": 8,
      "cobblemon:lickitung": 1,
      "cobblemon:weezing": 1,
      "cobblemon:hariyama": 1,
      "cobblemon:swellow": 1,
      "cobblemon:miltank": 2,
      "cobblemon:darmanitan": 1,
      "cobblemon:flaaffy": 1,
      "cobblemon:stantler": 3,
      "cobblemon:klink": 1,
      "cobblemon:gogoat": 1,
      "cobblemon:minun": 1,
      "cobblemon:linoone": 2,
      "cobblemon:volbeat": 1,
      "cobblemon:hypno": 1,
      "cobblemon:mabosstiff": 1,
      "cobblemon:heatmor": 1,
      "cobblemon:cutiefly": 1,
      "cobblemon:natu": 1,
      "cobblemon:bellossom": 1,
      "cobblemon:gloom": 1
    },
    "aspectsCollected": {}
  }
}